timestamp,gpu_util_pct,vram_used_mib,vram_total_mib,vram_pct,cpu_pct,ram_used_mib,ram_total_mib,ram_pct,gpu_temp_c
2026-06-06 00:16:04,0.0,4,40960,0.0,0.0,545,257046,0.2,33
2026-06-06 00:16:32,0.0,4,40960,0.0,1520.6,13789,257046,5.4,33
2026-06-06 00:16:42,0.0,4,40960,0.0,89.4,14350,257046,5.6,33
2026-06-06 00:16:52,0.0,445,40960,1.1,94.4,15143,257046,5.9,33
2026-06-06 00:17:02,0.0,1463,40960,3.6,196.4,18680,257046,7.3,33
2026-06-06 00:17:12,32.0,3854,40960,9.4,444.2,23045,257046,9.0,34
2026-06-06 00:17:22,39.0,6218,40960,15.2,613.5,24799,257046,9.6,37
2026-06-06 00:17:32,38.0,6218,40960,15.2,644.5,24804,257046,9.6,40
2026-06-06 00:17:43,36.0,6218,40960,15.2,303.7,24943,257046,9.7,40
2026-06-06 00:17:53,24.0,6220,40960,15.2,-963.8,25507,257046,9.9,41
2026-06-06 00:18:03,38.0,6220,40960,15.2,600.2,25514,257046,9.9,44
2026-06-06 00:18:13,37.0,6220,40960,15.2,292.6,25516,257046,9.9,45
2026-06-06 00:18:23,42.0,6220,40960,15.2,627.7,25517,257046,9.9,46
2026-06-06 00:18:33,35.0,6220,40960,15.2,-883.2,25530,257046,9.9,45
2026-06-06 00:18:43,35.0,6220,40960,15.2,635.9,25530,257046,9.9,48
2026-06-06 00:18:53,40.0,6220,40960,15.2,308.8,25531,257046,9.9,48
2026-06-06 00:19:03,34.0,6220,40960,15.2,-63.0,25533,257046,9.9,46
2026-06-06 00:19:13,27.0,4337,40960,10.6,-475.2,21426,257046,8.3,45
2026-06-06 00:19:24,41.0,6456,40960,15.8,-547.0,22622,257046,8.8,49
2026-06-06 00:19:34,49.0,7976,40960,19.5,574.1,24944,257046,9.7,51
2026-06-06 00:19:44,49.0,7978,40960,19.5,283.2,24944,257046,9.7,52
2026-06-06 00:19:54,42.0,7978,40960,19.5,-37.9,25081,257046,9.8,53
2026-06-06 00:20:04,51.0,7978,40960,19.5,246.9,25222,257046,9.8,55
2026-06-06 00:20:14,50.0,7978,40960,19.5,-129.6,25331,257046,9.9,55
2026-06-06 00:20:24,45.0,7978,40960,19.5,12.7,25333,257046,9.9,56
2026-06-06 00:20:34,51.0,7978,40960,19.5,584.6,25334,257046,9.9,57
2026-06-06 00:20:44,41.0,7978,40960,19.5,-84.4,25337,257046,9.9,57
2026-06-06 00:20:54,48.0,7978,40960,19.5,207.0,25339,257046,9.9,58
2026-06-06 00:21:04,33.0,5932,40960,14.5,-335.3,23168,257046,9.0,54
2026-06-06 00:21:15,27.0,6942,40960,16.9,279.2,25189,257046,9.8,52
2026-06-06 00:21:25,34.0,6942,40960,16.9,216.8,25190,257046,9.8,52
2026-06-06 00:21:35,29.0,6218,40960,15.2,-452.5,22392,257046,8.7,50
2026-06-06 00:21:45,40.0,7898,40960,19.3,306.4,24645,257046,9.6,52
2026-06-06 00:21:55,45.0,8064,40960,19.7,-94.3,25075,257046,9.8,53
2026-06-06 00:22:05,49.0,8064,40960,19.7,310.1,25087,257046,9.8,54
2026-06-06 00:22:15,46.0,8064,40960,19.7,303.4,25190,257046,9.8,55
2026-06-06 00:22:25,51.0,8064,40960,19.7,314.3,25190,257046,9.8,55
2026-06-06 00:22:35,46.0,8064,40960,19.7,-491.2,25281,257046,9.8,56
2026-06-06 00:22:45,49.0,8064,40960,19.7,614.5,25281,257046,9.8,56
2026-06-06 00:22:55,51.0,8064,40960,19.7,300.6,25285,257046,9.8,56
2026-06-06 00:23:06,55.0,8064,40960,19.7,316.6,25285,257046,9.8,57
2026-06-06 00:23:16,44.0,8064,40960,19.7,-105.1,25294,257046,9.8,57
2026-06-06 00:23:26,36.0,5549,40960,13.5,-881.9,21427,257046,8.3,56
2026-06-06 00:23:36,50.0,8332,40960,20.3,254.1,24788,257046,9.6,58
2026-06-06 00:23:46,53.0,8336,40960,20.4,305.4,25130,257046,9.8,59
2026-06-06 00:23:56,59.0,8336,40960,20.4,227.6,25132,257046,9.8,59
2026-06-06 00:24:06,32.0,6484,40960,15.8,-514.6,23523,257046,9.2,57
2026-06-06 00:24:16,42.0,9086,40960,22.2,-69.4,25270,257046,9.8,58
2026-06-06 00:24:26,48.0,9086,40960,22.2,606.1,25278,257046,9.8,59
2026-06-06 00:24:36,32.0,9086,40960,22.2,328.2,25280,257046,9.8,58
2026-06-06 00:24:46,40.0,9086,40960,22.2,-68.4,25292,257046,9.8,59
2026-06-06 00:24:57,45.0,9766,40960,23.8,-69.2,25387,257046,9.9,59
2026-06-06 00:25:07,47.0,9766,40960,23.8,638.8,25387,257046,9.9,59
2026-06-06 00:25:17,30.0,9766,40960,23.8,-349.1,25388,257046,9.9,59
2026-06-06 00:25:27,38.0,6979,40960,17.0,-955.8,21487,257046,8.4,54
2026-06-06 00:25:37,37.0,8714,40960,21.3,531.3,25093,257046,9.8,54
2026-06-06 00:25:47,37.0,8714,40960,21.3,298.8,25099,257046,9.8,53
2026-06-06 00:25:57,35.0,8714,40960,21.3,270.2,23870,257046,9.3,52
2026-06-06 00:26:07,29.0,7408,40960,18.1,-411.1,23461,257046,9.1,51
2026-06-06 00:26:17,23.0,6586,40960,16.1,-703.4,23474,257046,9.1,51
2026-06-06 00:26:27,52.0,8524,40960,20.8,577.6,25039,257046,9.7,55
2026-06-06 00:26:37,52.0,8524,40960,20.8,652.8,25040,257046,9.7,58
2026-06-06 00:26:48,44.0,8524,40960,20.8,648.5,25040,257046,9.7,58
2026-06-06 00:26:58,36.0,8530,40960,20.8,-909.2,25326,257046,9.9,57
2026-06-06 00:27:08,58.0,8530,40960,20.8,168.3,25347,257046,9.9,59
2026-06-06 00:27:18,57.0,8530,40960,20.8,642.5,25347,257046,9.9,60
2026-06-06 00:27:28,51.0,8530,40960,20.8,655.2,25347,257046,9.9,60
2026-06-06 00:27:38,52.0,8532,40960,20.8,-930.1,25356,257046,9.9,60
2026-06-06 00:27:48,40.0,7452,40960,18.2,-139.5,23683,257046,9.2,61
2026-06-06 00:27:58,43.0,9216,40960,22.5,44.3,23626,257046,9.2,62
2026-06-06 00:28:08,46.0,11262,40960,27.5,-52.3,25206,257046,9.8,62
2026-06-06 00:28:18,29.0,9320,40960,22.8,-52.9,23380,257046,9.1,61
2026-06-06 00:28:29,48.0,9220,40960,22.5,44.0,23290,257046,9.1,63
2026-06-06 00:28:39,73.0,10748,40960,26.2,644.9,24982,257046,9.7,65
2026-06-06 00:28:49,58.0,10748,40960,26.2,-134.5,25070,257046,9.8,65
2026-06-06 00:28:59,64.0,10748,40960,26.2,669.4,25072,257046,9.8,67
2026-06-06 00:29:09,70.0,10748,40960,26.2,-71.9,25204,257046,9.8,68
2026-06-06 00:29:19,70.0,10748,40960,26.2,323.4,25335,257046,9.9,69
2026-06-06 00:29:29,68.0,10748,40960,26.2,330.2,25335,257046,9.9,69
2026-06-06 00:29:39,70.0,10748,40960,26.2,-117.0,25352,257046,9.9,71
2026-06-06 00:29:49,59.0,10748,40960,26.2,-86.6,25363,257046,9.9,70
2026-06-06 00:29:59,70.0,10748,40960,26.2,328.7,25363,257046,9.9,71
2026-06-06 00:30:10,71.0,10748,40960,26.2,691.0,25363,257046,9.9,72
2026-06-06 00:30:20,64.0,10748,40960,26.2,338.0,25363,257046,9.9,73
2026-06-06 00:30:30,21.0,4931,40960,12.0,-2164.5,18543,257046,7.2,68
2026-06-06 00:30:40,37.0,5863,40960,14.3,86.6,21107,257046,8.2,62
2026-06-06 00:30:50,29.0,7020,40960,17.1,241.7,23546,257046,9.2,60
2026-06-06 00:31:00,50.0,8832,40960,21.6,644.6,24993,257046,9.7,63
2026-06-06 00:31:10,38.0,8832,40960,21.6,336.3,24993,257046,9.7,63
2026-06-06 00:31:20,52.0,8832,40960,21.6,-82.9,25218,257046,9.8,63
2026-06-06 00:31:30,48.0,8832,40960,21.6,-73.7,25307,257046,9.8,63
2026-06-06 00:31:41,48.0,8832,40960,21.6,639.3,25317,257046,9.8,64
2026-06-06 00:31:51,53.0,8832,40960,21.6,305.3,25318,257046,9.8,63
2026-06-06 00:32:01,54.0,8832,40960,21.6,-450.0,25320,257046,9.9,64
2026-06-06 00:32:11,40.0,8832,40960,21.6,290.8,25322,257046,9.9,63
2026-06-06 00:32:21,45.0,8832,40960,21.6,300.9,24167,257046,9.4,64
2026-06-06 00:32:31,53.0,8832,40960,21.6,317.1,25332,257046,9.9,64
2026-06-06 00:32:41,38.0,7185,40960,17.5,-842.7,21210,257046,8.3,63
2026-06-06 00:32:51,33.0,8276,40960,20.2,184.7,22339,257046,8.7,61
2026-06-06 00:33:01,37.0,7074,40960,17.3,-241.6,23434,257046,9.1,59
2026-06-06 00:33:11,53.0,8688,40960,21.2,307.1,24967,257046,9.7,62
2026-06-06 00:33:21,55.0,8688,40960,21.2,664.5,24967,257046,9.7,63
2026-06-06 00:33:32,45.0,8688,40960,21.2,284.7,25108,257046,9.8,63
2026-06-06 00:33:42,46.0,8688,40960,21.2,-795.3,25338,257046,9.9,63
2026-06-06 00:33:52,57.0,8688,40960,21.2,618.6,25350,257046,9.9,63
2026-06-06 00:34:02,55.0,8688,40960,21.2,664.4,25349,257046,9.9,64
2026-06-06 00:34:12,41.0,8688,40960,21.2,-82.9,25352,257046,9.9,64
2026-06-06 00:34:22,49.0,8688,40960,21.2,-470.3,25354,257046,9.9,64
2026-06-06 00:34:32,51.0,8688,40960,21.2,664.9,25356,257046,9.9,64
2026-06-06 00:34:42,48.0,8688,40960,21.2,306.2,24230,257046,9.4,65
2026-06-06 00:34:52,45.0,7596,40960,18.5,-433.1,23631,257046,9.2,61
2026-06-06 00:35:02,35.0,6858,40960,16.7,-456.1,22929,257046,8.9,62
2026-06-06 00:35:13,40.0,7420,40960,18.1,638.5,24773,257046,9.6,61
2026-06-06 00:35:23,39.0,7424,40960,18.1,631.4,25147,257046,9.8,62
2026-06-06 00:35:33,38.0,7424,40960,18.1,-800.4,25297,257046,9.8,58
2026-06-06 00:35:43,43.0,7424,40960,18.1,623.8,25303,257046,9.8,59
2026-06-06 00:35:53,38.0,7424,40960,18.1,299.6,25429,257046,9.9,59
2026-06-06 00:36:03,42.0,7424,40960,18.1,649.6,25429,257046,9.9,59
2026-06-06 00:36:13,36.0,7424,40960,18.1,-828.2,25437,257046,9.9,58
2026-06-06 00:36:23,39.0,7424,40960,18.1,649.5,25436,257046,9.9,57
2026-06-06 00:36:33,42.0,7424,40960,18.1,294.7,25447,257046,9.9,58
2026-06-06 00:36:43,29.0,4864,40960,11.9,-752.8,23238,257046,9.0,56
2026-06-06 00:36:54,32.0,5384,40960,13.1,-462.8,22875,257046,8.9,55
2026-06-06 00:37:04,40.0,8446,40960,20.6,239.6,24907,257046,9.7,58
2026-06-06 00:37:14,46.0,8450,40960,20.6,622.8,25247,257046,9.8,57
2026-06-06 00:37:24,41.0,8450,40960,20.6,279.2,25247,257046,9.8,57
2026-06-06 00:37:34,41.0,8452,40960,20.6,-97.8,25377,257046,9.9,58
2026-06-06 00:37:44,40.0,9016,40960,22.0,-43.8,25481,257046,9.9,58
2026-06-06 00:37:54,39.0,9016,40960,22.0,314.0,25481,257046,9.9,58
2026-06-06 00:38:04,25.0,6648,40960,16.2,-1176.5,23683,257046,9.2,53
2026-06-06 00:38:14,36.0,7732,40960,18.9,-486.3,25286,257046,9.8,53
2026-06-06 00:38:24,27.0,7732,40960,18.9,622.4,25286,257046,9.8,52
2026-06-06 00:38:35,32.0,7732,40960,18.9,622.6,25286,257046,9.8,51
2026-06-06 00:38:45,28.0,5704,40960,13.9,-1182.4,23328,257046,9.1,49
2026-06-06 00:38:55,38.0,8380,40960,20.5,579.9,25373,257046,9.9,50
2026-06-06 00:39:05,38.0,8380,40960,20.5,638.3,25373,257046,9.9,51
2026-06-06 00:39:15,38.0,8380,40960,20.5,16.7,25376,257046,9.9,51
2026-06-06 00:39:25,29.0,8382,40960,20.5,-400.1,25516,257046,9.9,50
2026-06-06 00:39:35,38.0,8382,40960,20.5,602.6,25525,257046,9.9,52
2026-06-06 00:39:45,36.0,8382,40960,20.5,322.2,25526,257046,9.9,53
2026-06-06 00:39:55,38.0,7116,40960,17.4,-622.9,23824,257046,9.3,50
2026-06-06 00:40:05,39.0,8646,40960,21.1,281.6,25492,257046,9.9,53
2026-06-06 00:40:15,43.0,8646,40960,21.1,623.6,25492,257046,9.9,54
2026-06-06 00:40:26,37.0,8646,40960,21.1,1.2,25492,257046,9.9,54
2026-06-06 00:40:36,40.0,8646,40960,21.1,-355.3,25651,257046,10.0,55
2026-06-06 00:40:46,43.0,8646,40960,21.1,626.3,25652,257046,10.0,55
2026-06-06 00:40:56,41.0,8646,40960,21.1,20.5,25651,257046,10.0,56
2026-06-06 00:41:06,33.0,8646,40960,21.1,-383.8,25658,257046,10.0,55
2026-06-06 00:41:16,47.0,8646,40960,21.1,624.9,25659,257046,10.0,56
2026-06-06 00:41:26,42.0,8646,40960,21.1,318.1,25659,257046,10.0,57
2026-06-06 00:41:36,41.0,8646,40960,21.1,-326.2,25659,257046,10.0,56
2026-06-06 00:41:46,45.0,8646,40960,21.1,272.7,25660,257046,10.0,56
2026-06-06 00:41:56,43.0,8646,40960,21.1,318.1,25659,257046,10.0,57
2026-06-06 00:42:06,29.0,8646,40960,21.1,-282.8,25660,257046,10.0,56
2026-06-06 00:42:17,35.0,7594,40960,18.5,-1635.3,23485,257046,9.1,54
2026-06-06 00:42:27,48.0,9154,40960,22.3,270.2,25604,257046,10.0,56
2026-06-06 00:42:37,36.0,9154,40960,22.3,-314.3,24427,257046,9.5,56
2026-06-06 00:42:47,47.0,9030,40960,22.0,-2.0,24041,257046,9.4,58
2026-06-06 00:42:57,41.0,9408,40960,23.0,-12.6,25608,257046,10.0,57
2026-06-06 00:43:07,48.0,9408,40960,23.0,580.7,25621,257046,10.0,60
2026-06-06 00:43:17,46.0,9408,40960,23.0,-24.5,25621,257046,10.0,60
2026-06-06 00:43:27,46.0,9408,40960,23.0,-18.9,25758,257046,10.0,60
2026-06-06 00:43:37,46.0,9408,40960,23.0,291.8,25759,257046,10.0,61
2026-06-06 00:43:47,47.0,9408,40960,23.0,-26.0,25760,257046,10.0,61
2026-06-06 00:43:57,46.0,9408,40960,23.0,1.2,25762,257046,10.0,62
2026-06-06 00:44:08,52.0,9408,40960,23.0,267.0,25762,257046,10.0,62
2026-06-06 00:44:18,40.0,9408,40960,23.0,-33.2,25762,257046,10.0,62
2026-06-06 00:44:28,40.0,8590,40960,21.0,87.9,23411,257046,9.1,62
2026-06-06 00:44:38,48.0,10824,40960,26.4,-57.2,25250,257046,9.8,63
2026-06-06 00:44:48,51.0,10830,40960,26.4,-3.0,25585,257046,10.0,63
2026-06-06 00:44:58,53.0,10830,40960,26.4,613.7,25585,257046,10.0,65
2026-06-06 00:45:08,62.0,10830,40960,26.4,-2.9,25586,257046,10.0,65
2026-06-06 00:45:18,58.0,10830,40960,26.4,-36.2,25690,257046,10.0,67
2026-06-06 00:45:28,64.0,10830,40960,26.4,317.7,25690,257046,10.0,67
2026-06-06 00:45:38,51.0,10830,40960,26.4,30.6,25690,257046,10.0,67
2026-06-06 00:45:48,45.0,10830,40960,26.4,-43.8,25693,257046,10.0,67
2026-06-06 00:45:58,60.0,10830,40960,26.4,300.3,25695,257046,10.0,69
2026-06-06 00:46:09,55.0,10830,40960,26.4,333.0,25695,257046,10.0,69
2026-06-06 00:46:19,55.0,10830,40960,26.4,329.7,25696,257046,10.0,69
2026-06-06 00:46:29,41.0,8592,40960,21.0,-851.7,23549,257046,9.2,67
2026-06-06 00:46:39,55.0,10602,40960,25.9,285.3,25587,257046,10.0,68
2026-06-06 00:46:49,47.0,10602,40960,25.9,257.4,25587,257046,10.0,68
2026-06-06 00:46:59,41.0,10602,40960,25.9,-33.4,25586,257046,10.0,69
2026-06-06 00:47:09,51.0,10602,40960,25.9,608.4,25587,257046,10.0,70
2026-06-06 00:47:19,54.0,10606,40960,25.9,-39.6,25751,257046,10.0,70
2026-06-06 00:47:29,52.0,10606,40960,25.9,-40.1,25751,257046,10.0,70
2026-06-06 00:47:39,54.0,10606,40960,25.9,264.5,25751,257046,10.0,70
2026-06-06 00:47:50,56.0,10606,40960,25.9,-34.3,25754,257046,10.0,71
2026-06-06 00:48:00,55.0,10606,40960,25.9,287.8,25757,257046,10.0,71
2026-06-06 00:48:10,42.0,10606,40960,25.9,-61.8,25756,257046,10.0,70
2026-06-06 00:48:20,47.0,10606,40960,25.9,-16.9,25756,257046,10.0,71
2026-06-06 00:48:30,58.0,10606,40960,25.9,580.7,25756,257046,10.0,71
2026-06-06 00:48:40,55.0,10606,40960,25.9,-48.0,25757,257046,10.0,72
2026-06-06 00:48:50,55.0,10606,40960,25.9,281.1,25758,257046,10.0,72
2026-06-06 00:49:00,49.0,10606,40960,25.9,-41.5,25758,257046,10.0,71
2026-06-06 00:49:10,53.0,10606,40960,25.9,286.6,25758,257046,10.0,71
2026-06-06 00:49:20,46.0,10606,40960,25.9,-64.0,25758,257046,10.0,71
2026-06-06 00:49:31,47.0,10606,40960,25.9,-49.1,25759,257046,10.0,72
2026-06-06 00:49:41,54.0,10606,40960,25.9,290.8,24599,257046,9.6,72
2026-06-06 00:49:51,59.0,10606,40960,25.9,270.7,25759,257046,10.0,73
2026-06-06 00:50:01,56.0,10606,40960,25.9,-22.7,25759,257046,10.0,72
2026-06-06 00:50:11,57.0,10606,40960,25.9,258.2,25760,257046,10.0,72
2026-06-06 00:50:21,52.0,10606,40960,25.9,-32.1,25760,257046,10.0,72
2026-06-06 00:50:31,57.0,10606,40960,25.9,273.1,25759,257046,10.0,72
2026-06-06 00:50:41,53.0,10606,40960,25.9,-35.9,25760,257046,10.0,73
2026-06-06 00:50:51,45.0,10606,40960,25.9,292.6,25761,257046,10.0,72
2026-06-06 00:51:01,34.0,9042,40960,22.1,-732.3,23927,257046,9.3,70
2026-06-06 00:51:12,32.0,9888,40960,24.1,-77.9,25581,257046,10.0,71
2026-06-06 00:51:22,50.0,9888,40960,24.1,626.0,25585,257046,10.0,70
2026-06-06 00:51:32,46.0,9888,40960,24.1,307.6,25585,257046,10.0,71
2026-06-06 00:51:42,49.0,9888,40960,24.1,-31.1,25585,257046,10.0,70
2026-06-06 00:51:52,39.0,9888,40960,24.1,-141.8,25671,257046,10.0,70
2026-06-06 00:52:02,48.0,9888,40960,24.1,623.2,25678,257046,10.0,70
2026-06-06 00:52:12,50.0,9888,40960,24.1,-36.7,25678,257046,10.0,70
2026-06-06 00:52:22,42.0,9888,40960,24.1,-6.9,25678,257046,10.0,69
2026-06-06 00:52:32,46.0,9888,40960,24.1,626.7,25678,257046,10.0,70
2026-06-06 00:52:42,44.0,9888,40960,24.1,-167.2,25678,257046,10.0,69
2026-06-06 00:52:52,52.0,9888,40960,24.1,-36.3,25678,257046,10.0,69
2026-06-06 00:53:03,51.0,9888,40960,24.1,304.7,25678,257046,10.0,70
2026-06-06 00:53:13,49.0,9888,40960,24.1,324.6,25678,257046,10.0,69
2026-06-06 00:53:23,55.0,9888,40960,24.1,-480.0,24556,257046,9.6,69
2026-06-06 00:53:33,42.0,9042,40960,22.1,-264.0,23912,257046,9.3,68
2026-06-06 00:53:43,53.0,10572,40960,25.8,593.6,25633,257046,10.0,69
2026-06-06 00:53:53,59.0,10572,40960,25.8,-32.2,25632,257046,10.0,71
2026-06-06 00:54:03,58.0,10572,40960,25.8,281.1,25632,257046,10.0,70
2026-06-06 00:54:13,45.0,10574,40960,25.8,-48.2,25778,257046,10.0,70
2026-06-06 00:54:23,49.0,10574,40960,25.8,284.9,25775,257046,10.0,71
2026-06-06 00:54:33,56.0,10574,40960,25.8,-46.5,25775,257046,10.0,71
2026-06-06 00:54:43,54.0,10574,40960,25.8,287.1,25775,257046,10.0,71
2026-06-06 00:54:54,53.0,10574,40960,25.8,285.3,25776,257046,10.0,72
2026-06-06 00:55:04,42.0,10574,40960,25.8,-356.8,24598,257046,9.6,70
2026-06-06 00:55:14,45.0,10574,40960,25.8,282.2,25775,257046,10.0,71
2026-06-06 00:55:24,45.0,8560,40960,20.9,-482.6,24006,257046,9.3,69
2026-06-06 00:55:34,45.0,10570,40960,25.8,266.2,25665,257046,10.0,70
2026-06-06 00:55:44,45.0,10570,40960,25.8,-44.1,25665,257046,10.0,70
2026-06-06 00:55:54,47.0,10570,40960,25.8,622.1,25665,257046,10.0,70
2026-06-06 00:56:04,43.0,10570,40960,25.8,-375.9,25804,257046,10.0,69
2026-06-06 00:56:14,49.0,10570,40960,25.8,-60.5,25804,257046,10.0,70
2026-06-06 00:56:24,45.0,10570,40960,25.8,621.8,25804,257046,10.0,70
2026-06-06 00:56:35,42.0,10570,40960,25.8,-31.1,25804,257046,10.0,70
2026-06-06 00:56:45,47.0,10570,40960,25.8,-372.0,25813,257046,10.0,69
2026-06-06 00:56:55,48.0,10570,40960,25.8,598.5,25813,257046,10.0,69
2026-06-06 00:57:05,43.0,10570,40960,25.8,298.8,25813,257046,10.0,69
2026-06-06 00:57:15,45.0,10570,40960,25.8,-388.4,24616,257046,9.6,69
2026-06-06 00:57:25,40.0,6664,40960,16.3,-2684.4,21891,257046,8.5,66
2026-06-06 00:57:35,54.0,9916,40960,24.2,600.7,25152,257046,9.8,70
2026-06-06 00:57:45,58.0,9918,40960,24.2,-72.3,25530,257046,9.9,70
2026-06-06 00:57:55,59.0,9918,40960,24.2,283.2,25530,257046,9.9,71
2026-06-06 00:58:05,60.0,9920,40960,24.2,285.8,25674,257046,10.0,72
2026-06-06 00:58:16,54.0,9920,40960,24.2,-403.2,25802,257046,10.0,72
2026-06-06 00:58:26,47.0,9920,40960,24.2,320.8,25802,257046,10.0,72
2026-06-06 00:58:36,55.0,9920,40960,24.2,277.8,25817,257046,10.0,72
2026-06-06 00:58:46,44.0,9920,40960,24.2,0.9,25815,257046,10.0,72
2026-06-06 00:58:56,50.0,9920,40960,24.2,199.5,25819,257046,10.0,72
2026-06-06 00:59:06,57.0,9920,40960,24.2,253.2,25824,257046,10.0,74
2026-06-06 00:59:16,46.0,7770,40960,19.0,19.5,24059,257046,9.4,72
2026-06-06 00:59:26,42.0,9242,40960,22.6,-63.8,25725,257046,10.0,72
2026-06-06 00:59:36,50.0,9242,40960,22.6,-105.8,25732,257046,10.0,72
2026-06-06 00:59:46,53.0,9242,40960,22.6,608.8,25735,257046,10.0,72
2026-06-06 00:59:56,56.0,9552,40960,23.3,-328.9,25891,257046,10.1,72
2026-06-06 01:00:07,56.0,9552,40960,23.3,292.8,25896,257046,10.1,72
2026-06-06 01:00:17,53.0,9552,40960,23.3,223.3,25896,257046,10.1,73
2026-06-06 01:00:27,50.0,9552,40960,23.3,-331.1,25903,257046,10.1,72
2026-06-06 01:00:37,41.0,9552,40960,23.3,314.3,25904,257046,10.1,71
2026-06-06 01:00:47,50.0,9552,40960,23.3,589.5,25904,257046,10.1,72
2026-06-06 01:00:57,50.0,9552,40960,23.3,-710.0,25906,257046,10.1,72
2026-06-06 01:01:07,45.0,9552,40960,23.3,605.2,25906,257046,10.1,72
2026-06-06 01:01:17,53.0,9552,40960,23.3,285.4,25907,257046,10.1,72
2026-06-06 01:01:27,37.0,9552,40960,23.3,-323.8,24740,257046,9.6,71
2026-06-06 01:01:37,49.0,9552,40960,23.3,212.5,25907,257046,10.1,73
2026-06-06 01:01:47,51.0,9552,40960,23.3,291.5,25906,257046,10.1,71
2026-06-06 01:01:58,48.0,9552,40960,23.3,12.3,25906,257046,10.1,71
2026-06-06 01:02:08,36.0,8020,40960,19.6,-426.9,24037,257046,9.4,71
2026-06-06 01:02:18,49.0,9798,40960,23.9,-129.9,25711,257046,10.0,70
2026-06-06 01:02:28,41.0,9798,40960,23.9,293.7,24544,257046,9.5,70
2026-06-06 01:02:38,47.0,9798,40960,23.9,291.1,25710,257046,10.0,70
2026-06-06 01:02:48,48.0,9798,40960,23.9,283.3,25710,257046,10.0,69
2026-06-06 01:02:58,40.0,9798,40960,23.9,-449.7,25843,257046,10.1,70
2026-06-06 01:03:08,43.0,9798,40960,23.9,260.5,25842,257046,10.1,70
2026-06-06 01:03:18,40.0,9798,40960,23.9,281.9,25842,257046,10.1,68
2026-06-06 01:03:28,40.0,9798,40960,23.9,-48.0,25844,257046,10.1,68
2026-06-06 01:03:39,48.0,9798,40960,23.9,-136.2,25845,257046,10.1,69
2026-06-06 01:03:49,34.0,9798,40960,23.9,303.6,25845,257046,10.1,67
2026-06-06 01:03:59,47.0,9798,40960,23.9,288.1,25847,257046,10.1,67
2026-06-06 01:04:09,39.0,9798,40960,23.9,-112.8,24654,257046,9.6,67
2026-06-06 01:04:19,38.0,8042,40960,19.6,-270.8,23101,257046,9.0,67
2026-06-06 01:04:29,44.0,9900,40960,24.2,573.0,25772,257046,10.0,68
2026-06-06 01:04:39,38.0,9900,40960,24.2,-3.9,25772,257046,10.0,68
2026-06-06 01:04:49,45.0,9900,40960,24.2,240.2,25772,257046,10.0,68
2026-06-06 01:04:59,47.0,9900,40960,24.2,-30.4,25900,257046,10.1,68
2026-06-06 01:05:09,46.0,9900,40960,24.2,-7.1,25900,257046,10.1,68
2026-06-06 01:05:19,49.0,9900,40960,24.2,603.9,25901,257046,10.1,68
2026-06-06 01:05:30,38.0,9900,40960,24.2,-391.8,25903,257046,10.1,67
2026-06-06 01:05:40,48.0,9900,40960,24.2,-46.2,25903,257046,10.1,67
2026-06-06 01:05:50,44.0,9900,40960,24.2,606.0,25905,257046,10.1,67
2026-06-06 01:06:00,40.0,8020,40960,19.6,-231.7,23566,257046,9.2,65
2026-06-06 01:06:10,40.0,9964,40960,24.3,-431.6,24473,257046,9.5,65
2026-06-06 01:06:20,45.0,9964,40960,24.3,578.2,25774,257046,10.0,66
2026-06-06 01:06:30,36.0,9964,40960,24.3,305.8,25774,257046,10.0,66
2026-06-06 01:06:40,48.0,9964,40960,24.3,294.0,25774,257046,10.0,66
2026-06-06 01:06:50,46.0,10432,40960,25.5,-76.5,25920,257046,10.1,66
2026-06-06 01:07:00,51.0,10432,40960,25.5,204.1,25920,257046,10.1,66
2026-06-06 01:07:10,47.0,10432,40960,25.5,280.5,25921,257046,10.1,67
2026-06-06 01:07:21,43.0,8650,40960,21.1,-1039.9,23724,257046,9.2,65
2026-06-06 01:07:31,43.0,10346,40960,25.3,588.5,25699,257046,10.0,66
2026-06-06 01:07:41,48.0,10346,40960,25.3,-136.5,25700,257046,10.0,66
2026-06-06 01:07:51,42.0,10346,40960,25.3,303.1,25702,257046,10.0,66
2026-06-06 01:08:01,36.0,7934,40960,19.4,9.6,23934,257046,9.3,63
2026-06-06 01:08:11,37.0,9676,40960,23.6,-119.5,25706,257046,10.0,64
2026-06-06 01:08:21,41.0,9676,40960,23.6,178.7,25706,257046,10.0,66
2026-06-06 01:08:31,43.0,9676,40960,23.6,275.8,25706,257046,10.0,66
2026-06-06 01:08:41,48.0,9676,40960,23.6,283.6,25840,257046,10.1,66
2026-06-06 01:08:51,47.0,9676,40960,23.6,-127.1,25842,257046,10.1,66
2026-06-06 01:09:01,34.0,9676,40960,23.6,-126.2,25837,257046,10.1,66
2026-06-06 01:09:12,43.0,9676,40960,23.6,302.8,25842,257046,10.1,67
2026-06-06 01:09:22,34.0,9676,40960,23.6,274.2,25843,257046,10.1,64
2026-06-06 01:09:32,40.0,7978,40960,19.5,10.1,23522,257046,9.2,67
2026-06-06 01:09:42,39.0,8952,40960,21.9,-151.0,25367,257046,9.9,65
2026-06-06 01:09:52,30.0,7216,40960,17.6,20.3,23543,257046,9.2,63
2026-06-06 01:10:02,41.0,8672,40960,21.2,244.6,25633,257046,10.0,64
2026-06-06 01:10:12,39.0,8672,40960,21.2,279.9,25634,257046,10.0,64
2026-06-06 01:10:22,31.0,8672,40960,21.2,-175.4,25778,257046,10.0,63
2026-06-06 01:10:32,39.0,8824,40960,21.5,-73.9,25912,257046,10.1,62
2026-06-06 01:10:43,36.0,8824,40960,21.5,263.4,25922,257046,10.1,61
2026-06-06 01:10:53,42.0,8824,40960,21.5,615.0,25922,257046,10.1,62
2026-06-06 01:11:03,33.0,8824,40960,21.5,303.2,25921,257046,10.1,61
2026-06-06 01:11:13,36.0,8824,40960,21.5,-552.4,25933,257046,10.1,61
2026-06-06 01:11:23,37.0,8824,40960,21.5,275.6,25933,257046,10.1,61
2026-06-06 01:11:33,38.0,8824,40960,21.5,612.1,25933,257046,10.1,60
2026-06-06 01:11:43,38.0,8824,40960,21.5,-62.7,25933,257046,10.1,60
2026-06-06 01:11:53,38.0,7694,40960,18.8,-775.8,24024,257046,9.3,58
2026-06-06 01:12:03,53.0,9944,40960,24.3,590.0,25714,257046,10.0,61
2026-06-06 01:12:13,40.0,9944,40960,24.3,-3.6,25715,257046,10.0,61
2026-06-06 01:12:24,50.0,9944,40960,24.3,260.3,25715,257046,10.0,62
2026-06-06 01:12:34,45.0,9946,40960,24.3,-139.1,25854,257046,10.1,63
2026-06-06 01:12:44,50.0,9946,40960,24.3,618.2,25854,257046,10.1,63
2026-06-06 01:12:54,46.0,9946,40960,24.3,-52.6,25854,257046,10.1,63
2026-06-06 01:13:04,44.0,9946,40960,24.3,-22.0,25854,257046,10.1,64
2026-06-06 01:13:14,41.0,9946,40960,24.3,206.0,25864,257046,10.1,64
2026-06-06 01:13:24,49.0,9946,40960,24.3,-76.3,25864,257046,10.1,64
2026-06-06 01:13:34,47.0,9946,40960,24.3,285.6,25864,257046,10.1,64
2026-06-06 01:13:44,39.0,7694,40960,18.8,102.0,23769,257046,9.2,62
2026-06-06 01:13:54,31.0,8472,40960,20.7,-449.2,25737,257046,10.0,61
2026-06-06 01:14:05,34.0,8472,40960,20.7,258.9,25738,257046,10.0,60
2026-06-06 01:14:15,34.0,8472,40960,20.7,591.5,25738,257046,10.0,61
2026-06-06 01:14:25,40.0,8476,40960,20.7,307.9,25823,257046,10.0,60
2026-06-06 01:14:35,36.0,8476,40960,20.7,-71.1,25836,257046,10.1,60
2026-06-06 01:14:45,36.0,8476,40960,20.7,-125.4,25836,257046,10.1,60
2026-06-06 01:14:55,35.0,8476,40960,20.7,617.0,25836,257046,10.1,60
2026-06-06 01:15:05,30.0,8476,40960,20.7,-355.5,25838,257046,10.1,58
2026-06-06 01:15:15,37.0,8476,40960,20.7,252.5,25838,257046,10.1,59
2026-06-06 01:15:25,35.0,8476,40960,20.7,203.9,25839,257046,10.1,59
2026-06-06 01:15:35,40.0,7694,40960,18.8,-266.3,23669,257046,9.2,59
2026-06-06 01:15:46,49.0,9644,40960,23.5,-64.1,25784,257046,10.0,59
2026-06-06 01:15:56,48.0,9644,40960,23.5,601.5,25785,257046,10.0,61
2026-06-06 01:16:06,45.0,9644,40960,23.5,213.7,25786,257046,10.0,61
2026-06-06 01:16:16,47.0,9644,40960,23.5,-44.4,25786,257046,10.0,61
2026-06-06 01:16:26,41.0,10114,40960,24.7,-108.1,25918,257046,10.1,62
2026-06-06 01:16:36,43.0,10114,40960,24.7,598.8,25930,257046,10.1,63
2026-06-06 01:16:46,43.0,10114,40960,24.7,-124.3,25930,257046,10.1,62
2026-06-06 01:16:56,44.0,10114,40960,24.7,-64.0,25930,257046,10.1,63
2026-06-06 01:17:06,49.0,10114,40960,24.7,625.6,25930,257046,10.1,64
2026-06-06 01:17:16,45.0,10114,40960,24.7,-116.1,25932,257046,10.1,63
2026-06-06 01:17:27,33.0,10114,40960,24.7,-475.8,24770,257046,9.6,63
2026-06-06 01:17:37,45.0,10114,40960,24.7,608.7,25932,257046,10.1,63
2026-06-06 01:17:47,53.0,10114,40960,24.7,625.8,25931,257046,10.1,64
2026-06-06 01:17:57,28.0,7694,40960,18.8,-784.0,23565,257046,9.2,62
2026-06-06 01:18:07,40.0,10418,40960,25.4,-147.7,25419,257046,9.9,62
2026-06-06 01:18:17,53.0,10418,40960,25.4,585.1,25795,257046,10.0,65
2026-06-06 01:18:27,48.0,8962,40960,21.9,-392.8,23422,257046,9.1,64
2026-06-06 01:18:37,49.0,10060,40960,24.6,-70.8,25234,257046,9.8,65
2026-06-06 01:18:47,47.0,10418,40960,25.4,251.7,25732,257046,10.0,66
2026-06-06 01:18:57,54.0,10418,40960,25.4,199.9,25732,257046,10.0,67
2026-06-06 01:19:07,37.0,10418,40960,25.4,276.7,25733,257046,10.0,66
2026-06-06 01:19:18,41.0,10418,40960,25.4,-422.2,24715,257046,9.6,66
2026-06-06 01:19:28,51.0,10418,40960,25.4,624.4,25886,257046,10.1,67
2026-06-06 01:19:38,54.0,10418,40960,25.4,205.9,25886,257046,10.1,69
2026-06-06 01:19:48,35.0,7740,40960,18.9,-3324.6,23636,257046,9.2,65
2026-06-06 01:19:58,32.0,6556,40960,16.0,7.0,23713,257046,9.2,60
2026-06-06 01:20:08,37.0,9232,40960,22.5,588.1,25520,257046,9.9,62
2026-06-06 01:20:18,34.0,9232,40960,22.5,-436.7,25523,257046,9.9,61
2026-06-06 01:20:28,32.0,7778,40960,19.0,404.3,23838,257046,9.3,61
2026-06-06 01:20:38,32.0,8796,40960,21.5,-65.0,25581,257046,10.0,60
2026-06-06 01:20:48,33.0,8796,40960,21.5,310.9,25580,257046,10.0,62
2026-06-06 01:20:59,49.0,8796,40960,21.5,198.5,25580,257046,10.0,62
2026-06-06 01:21:09,24.0,8798,40960,21.5,-354.2,25720,257046,10.0,61
2026-06-06 01:21:19,41.0,8798,40960,21.5,577.1,25723,257046,10.0,62
2026-06-06 01:21:29,41.0,8798,40960,21.5,300.6,25724,257046,10.0,61
2026-06-06 01:21:39,31.0,7254,40960,17.7,-406.7,23484,257046,9.1,61
2026-06-06 01:21:49,29.0,7636,40960,18.6,-338.1,23505,257046,9.1,56
2026-06-06 01:21:59,39.0,9236,40960,22.5,225.7,25554,257046,9.9,60
2026-06-06 01:22:09,28.0,9236,40960,22.5,592.8,25554,257046,9.9,60
2026-06-06 01:22:19,38.0,10072,40960,24.6,-107.8,25685,257046,10.0,60
2026-06-06 01:22:29,37.0,10074,40960,24.6,-400.4,25837,257046,10.1,60
2026-06-06 01:22:40,46.0,10074,40960,24.6,574.2,25844,257046,10.1,61
2026-06-06 01:22:50,47.0,10074,40960,24.6,591.0,25843,257046,10.1,61
2026-06-06 01:23:00,40.0,10074,40960,24.6,-706.7,25864,257046,10.1,61
2026-06-06 01:23:10,42.0,10074,40960,24.6,221.5,25865,257046,10.1,62
2026-06-06 01:23:20,44.0,10074,40960,24.6,593.8,25865,257046,10.1,62
2026-06-06 01:23:30,26.0,6178,40960,15.1,-547.8,22869,257046,8.9,56
2026-06-06 01:23:40,38.0,7818,40960,19.1,16.1,25084,257046,9.8,58
2026-06-06 01:23:50,34.0,7824,40960,19.1,206.2,25435,257046,9.9,56
2026-06-06 01:24:00,36.0,7824,40960,19.1,298.0,25437,257046,9.9,57
2026-06-06 01:24:10,38.0,7824,40960,19.1,254.2,25581,257046,10.0,56
2026-06-06 01:24:20,32.0,8170,40960,19.9,-171.4,25715,257046,10.0,56
2026-06-06 01:24:30,36.0,8170,40960,19.9,215.7,25716,257046,10.0,55
2026-06-06 01:24:41,25.0,8170,40960,19.9,-29.0,25718,257046,10.0,54
2026-06-06 01:24:51,27.0,8170,40960,19.9,238.0,25717,257046,10.0,56
2026-06-06 01:25:01,36.0,8170,40960,19.9,-149.1,25729,257046,10.0,56
2026-06-06 01:25:11,38.0,8170,40960,19.9,-29.8,25729,257046,10.0,54
2026-06-06 01:25:21,31.0,6504,40960,15.9,306.5,24053,257046,9.4,51
2026-06-06 01:25:31,45.0,9198,40960,22.5,235.3,25643,257046,10.0,55
2026-06-06 01:25:41,38.0,7270,40960,17.7,-658.2,23830,257046,9.3,55
2026-06-06 01:25:51,64.0,9850,40960,24.0,596.8,25551,257046,9.9,59
2026-06-06 01:26:01,66.0,9850,40960,24.0,296.3,25645,257046,10.0,60
2026-06-06 01:26:11,68.0,9850,40960,24.0,-56.5,25637,257046,10.0,62
2026-06-06 01:26:21,63.0,9854,40960,24.1,-53.2,25773,257046,10.0,64
2026-06-06 01:26:31,67.0,9854,40960,24.1,303.7,25773,257046,10.0,65
2026-06-06 01:26:42,71.0,9854,40960,24.1,333.6,25773,257046,10.0,66
2026-06-06 01:26:52,65.0,9854,40960,24.1,-71.2,25780,257046,10.0,66
2026-06-06 01:27:02,65.0,9854,40960,24.1,261.9,25780,257046,10.0,68
2026-06-06 01:27:12,44.0,7160,40960,17.5,-509.1,24032,257046,9.3,66
2026-06-06 01:27:22,47.0,9782,40960,23.9,283.8,25737,257046,10.0,68
2026-06-06 01:27:32,68.0,9782,40960,23.9,212.7,25737,257046,10.0,69
2026-06-06 01:27:42,65.0,9782,40960,23.9,-60.6,25737,257046,10.0,71
2026-06-06 01:27:52,40.0,9786,40960,23.9,17.1,25886,257046,10.1,71
2026-06-06 01:28:02,64.0,9786,40960,23.9,584.8,25886,257046,10.1,71
2026-06-06 01:28:12,64.0,9786,40960,23.9,-425.0,25887,257046,10.1,72
2026-06-06 01:28:22,72.0,9786,40960,23.9,270.5,25895,257046,10.1,73
2026-06-06 01:28:32,65.0,9786,40960,23.9,301.5,25895,257046,10.1,73
2026-06-06 01:28:43,65.0,9786,40960,23.9,315.5,25895,257046,10.1,73
2026-06-06 01:28:53,35.0,9786,40960,23.9,-459.1,24711,257046,9.6,72
2026-06-06 01:29:03,43.0,8784,40960,21.4,47.3,25345,257046,9.9,70
2026-06-06 01:29:13,56.0,8786,40960,21.5,281.3,25757,257046,10.0,72
2026-06-06 01:29:23,50.0,8786,40960,21.5,616.7,25757,257046,10.0,72
2026-06-06 01:29:33,58.0,8786,40960,21.5,-545.2,25757,257046,10.0,71
2026-06-06 01:29:43,47.0,8786,40960,21.5,-5.5,25930,257046,10.1,72
2026-06-06 01:29:53,43.0,6776,40960,16.5,-1839.3,24158,257046,9.4,71
2026-06-06 01:30:03,45.0,8642,40960,21.1,295.0,25773,257046,10.0,70
2026-06-06 01:30:13,55.0,7628,40960,18.6,-1157.5,23493,257046,9.1,72
2026-06-06 01:30:24,55.0,9680,40960,23.6,580.8,24560,257046,9.6,73
2026-06-06 01:30:34,66.0,9680,40960,23.6,318.4,25838,257046,10.1,73
2026-06-06 01:30:44,60.0,9680,40960,23.6,-23.4,25840,257046,10.1,74
2026-06-06 01:30:54,60.0,9680,40960,23.6,-74.0,24811,257046,9.7,75
2026-06-06 01:31:04,58.0,9680,40960,23.6,285.3,25984,257046,10.1,75
2026-06-06 01:31:14,55.0,9680,40960,23.6,7.4,25984,257046,10.1,75
2026-06-06 01:31:24,55.0,9680,40960,23.6,603.3,25984,257046,10.1,75
2026-06-06 01:31:34,53.0,9680,40960,23.6,-392.0,25991,257046,10.1,76
2026-06-06 01:31:44,49.0,7814,40960,19.1,32.6,24269,257046,9.4,74
2026-06-06 01:31:54,62.0,9674,40960,23.6,281.0,25876,257046,10.1,75
2026-06-06 01:32:05,60.0,9674,40960,23.6,303.3,25878,257046,10.1,75
2026-06-06 01:32:15,40.0,9674,40960,23.6,-73.5,25878,257046,10.1,75
2026-06-06 01:32:25,55.0,9674,40960,23.6,-33.1,26011,257046,10.1,75
2026-06-06 01:32:35,58.0,9674,40960,23.6,308.5,26012,257046,10.1,76
2026-06-06 01:32:45,63.0,9674,40960,23.6,625.4,26012,257046,10.1,76
2026-06-06 01:32:55,63.0,9674,40960,23.6,-732.7,26021,257046,10.1,76
2026-06-06 01:33:05,49.0,9674,40960,23.6,305.1,26021,257046,10.1,75
2026-06-06 01:33:15,60.0,9674,40960,23.6,626.3,26021,257046,10.1,77
2026-06-06 01:33:25,54.0,9674,40960,23.6,-310.7,26023,257046,10.1,76
2026-06-06 01:33:35,53.0,9674,40960,23.6,-93.8,26023,257046,10.1,75
2026-06-06 01:33:46,56.0,9674,40960,23.6,605.1,26023,257046,10.1,76
2026-06-06 01:33:56,32.0,9674,40960,23.6,-25.9,24863,257046,9.7,74
2026-06-06 01:34:06,34.0,7608,40960,18.6,-458.3,25255,257046,9.8,72
2026-06-06 01:34:16,39.0,9252,40960,22.6,-131.0,25847,257046,10.1,71
2026-06-06 01:34:26,41.0,9252,40960,22.6,613.3,25847,257046,10.1,71
2026-06-06 01:34:36,40.0,9252,40960,22.6,-37.6,25847,257046,10.1,70
2026-06-06 01:34:46,41.0,9252,40960,22.6,-15.0,25942,257046,10.1,69
2026-06-06 01:34:56,40.0,9252,40960,22.6,216.3,25943,257046,10.1,68
2026-06-06 01:35:06,42.0,9252,40960,22.6,-29.3,25939,257046,10.1,68
2026-06-06 01:35:16,40.0,9252,40960,22.6,-17.6,25942,257046,10.1,67
2026-06-06 01:35:27,40.0,9252,40960,22.6,609.8,25942,257046,10.1,67
2026-06-06 01:35:37,34.0,9252,40960,22.6,-394.6,25942,257046,10.1,66
2026-06-06 01:35:47,33.0,9252,40960,22.6,-20.5,25942,257046,10.1,65
2026-06-06 01:35:57,37.0,9252,40960,22.6,595.9,25943,257046,10.1,66
2026-06-06 01:36:07,39.0,9252,40960,22.6,299.4,25942,257046,10.1,65
2026-06-06 01:36:17,40.0,9252,40960,22.6,-408.6,25943,257046,10.1,65
2026-06-06 01:36:27,36.0,9252,40960,22.6,291.7,25943,257046,10.1,65
2026-06-06 01:36:37,39.0,9252,40960,22.6,313.2,25944,257046,10.1,64
2026-06-06 01:36:47,41.0,9252,40960,22.6,-42.1,25943,257046,10.1,65
2026-06-06 01:36:57,41.0,9252,40960,22.6,-97.2,25944,257046,10.1,64
2026-06-06 01:37:07,37.0,9252,40960,22.6,612.3,25944,257046,10.1,64
2026-06-06 01:37:18,41.0,9252,40960,22.6,-338.8,25944,257046,10.1,64
2026-06-06 01:37:28,44.0,9252,40960,22.6,295.0,25944,257046,10.1,63
2026-06-06 01:37:38,41.0,9252,40960,22.6,214.1,25944,257046,10.1,63
2026-06-06 01:37:48,39.0,9252,40960,22.6,-294.0,25945,257046,10.1,62
2026-06-06 01:37:58,35.0,9252,40960,22.6,234.1,24716,257046,9.6,61
2026-06-06 01:38:08,33.0,7200,40960,17.6,-50.3,24278,257046,9.4,58
2026-06-06 01:38:18,38.0,9216,40960,22.5,-408.6,25812,257046,10.0,60
2026-06-06 01:38:28,42.0,9216,40960,22.5,263.5,25812,257046,10.0,60
2026-06-06 01:38:38,39.0,9216,40960,22.5,611.9,25812,257046,10.0,60
2026-06-06 01:38:48,41.0,9216,40960,22.5,-395.8,24794,257046,9.6,60
2026-06-06 01:38:58,37.0,9216,40960,22.5,-36.6,25956,257046,10.1,60
2026-06-06 01:39:09,40.0,9216,40960,22.5,610.8,25956,257046,10.1,61
2026-06-06 01:39:19,35.0,9216,40960,22.5,-15.0,25972,257046,10.1,58
2026-06-06 01:39:29,33.0,9216,40960,22.5,-405.4,25972,257046,10.1,59
2026-06-06 01:39:39,39.0,9216,40960,22.5,593.3,25972,257046,10.1,60
2026-06-06 01:39:49,56.0,7200,40960,17.6,-201.3,23580,257046,9.2,58
2026-06-06 01:39:59,34.0,8578,40960,20.9,-30.5,25437,257046,9.9,55
2026-06-06 01:40:09,38.0,8586,40960,21.0,196.6,25806,257046,10.0,56
2026-06-06 01:40:19,32.0,8586,40960,21.0,593.0,25805,257046,10.0,56
2026-06-06 01:40:29,40.0,8586,40960,21.0,-308.1,25927,257046,10.1,55
2026-06-06 01:40:39,41.0,8586,40960,21.0,269.4,25939,257046,10.1,54
2026-06-06 01:40:50,33.0,8586,40960,21.0,241.9,25938,257046,10.1,55
2026-06-06 01:41:00,59.0,6424,40960,15.7,-604.2,23683,257046,9.2,54
2026-06-06 01:41:10,36.0,7652,40960,18.7,-38.4,25473,257046,9.9,54
2026-06-06 01:41:20,40.0,7654,40960,18.7,619.9,25769,257046,10.0,56
2026-06-06 01:41:30,37.0,7654,40960,18.7,-60.2,25769,257046,10.0,56
2026-06-06 01:41:40,41.0,7654,40960,18.7,-36.7,25769,257046,10.0,56
2026-06-06 01:41:50,45.0,7654,40960,18.7,264.9,25863,257046,10.1,56
2026-06-06 01:42:00,39.0,7654,40960,18.7,294.7,25863,257046,10.1,56
2026-06-06 01:42:10,42.0,7654,40960,18.7,-383.8,25865,257046,10.1,57
2026-06-06 01:42:20,42.0,7654,40960,18.7,313.9,25874,257046,10.1,57
2026-06-06 01:42:30,38.0,7654,40960,18.7,339.7,25874,257046,10.1,57
2026-06-06 01:42:41,34.0,7654,40960,18.7,-0.5,25875,257046,10.1,57
2026-06-06 01:42:51,39.0,7656,40960,18.7,-117.7,25878,257046,10.1,56
2026-06-06 01:43:01,39.0,7656,40960,18.7,629.5,25877,257046,10.1,57
2026-06-06 01:43:11,38.0,7656,40960,18.7,-34.8,25878,257046,10.1,57
2026-06-06 01:43:21,35.0,7656,40960,18.7,-17.1,25877,257046,10.1,58
2026-06-06 01:43:31,43.0,7656,40960,18.7,209.2,25877,257046,10.1,58
2026-06-06 01:43:41,37.0,7656,40960,18.7,-1.4,25877,257046,10.1,58
2026-06-06 01:43:51,39.0,7656,40960,18.7,307.0,25878,257046,10.1,58
2026-06-06 01:44:01,40.0,7656,40960,18.7,289.0,25879,257046,10.1,58
2026-06-06 01:44:11,42.0,7656,40960,18.7,-356.2,25876,257046,10.1,58
2026-06-06 01:44:21,43.0,7656,40960,18.7,306.2,25876,257046,10.1,59
2026-06-06 01:44:31,43.0,7656,40960,18.7,289.8,25875,257046,10.1,59
2026-06-06 01:44:42,42.0,7656,40960,18.7,4.8,25875,257046,10.1,59
2026-06-06 01:44:52,40.0,7656,40960,18.7,-75.2,25875,257046,10.1,59
2026-06-06 01:45:02,40.0,7656,40960,18.7,283.4,25875,257046,10.1,59
2026-06-06 01:45:12,49.0,7656,40960,18.7,14.8,25875,257046,10.1,59
2026-06-06 01:45:22,40.0,7656,40960,18.7,-60.7,25875,257046,10.1,59
2026-06-06 01:45:32,38.0,6108,40960,14.9,-2506.6,24061,257046,9.4,56
2026-06-06 01:45:42,45.0,8334,40960,20.3,-5.0,25750,257046,10.0,59
2026-06-06 01:45:52,47.0,8334,40960,20.3,318.2,25750,257046,10.0,60
2026-06-06 01:46:02,42.0,8334,40960,20.3,411.3,25773,257046,10.0,60
2026-06-06 01:46:12,47.0,8336,40960,20.4,-295.4,25930,257046,10.1,60
2026-06-06 01:46:23,47.0,8336,40960,20.4,304.6,25933,257046,10.1,61
2026-06-06 01:46:33,46.0,8336,40960,20.4,321.3,24851,257046,9.7,61
2026-06-06 01:46:43,44.0,8336,40960,20.4,-299.6,25935,257046,10.1,62
2026-06-06 01:46:53,45.0,8336,40960,20.4,293.4,25934,257046,10.1,61
2026-06-06 01:47:03,50.0,8336,40960,20.4,621.7,25934,257046,10.1,62
2026-06-06 01:47:13,28.0,6108,40960,14.9,-822.6,23541,257046,9.2,60
2026-06-06 01:47:23,31.0,8268,40960,20.2,281.3,25766,257046,10.0,60
2026-06-06 01:47:33,50.0,8268,40960,20.2,600.6,25767,257046,10.0,61
2026-06-06 01:47:43,37.0,8268,40960,20.2,-273.3,25766,257046,10.0,61
2026-06-06 01:47:53,39.0,8268,40960,20.2,302.4,25766,257046,10.0,61
2026-06-06 01:48:03,47.0,8270,40960,20.2,218.5,25913,257046,10.1,62
2026-06-06 01:48:13,45.0,8270,40960,20.2,295.0,25914,257046,10.1,62
2026-06-06 01:48:24,42.0,8270,40960,20.2,-1.2,25914,257046,10.1,62
2026-06-06 01:48:34,48.0,8270,40960,20.2,320.2,25914,257046,10.1,63
2026-06-06 01:48:44,42.0,8270,40960,20.2,-70.0,25915,257046,10.1,63
2026-06-06 01:48:54,53.0,8270,40960,20.2,-11.5,25915,257046,10.1,63
2026-06-06 01:49:04,51.0,8270,40960,20.2,316.0,25915,257046,10.1,63
2026-06-06 01:49:14,42.0,8270,40960,20.2,623.6,25915,257046,10.1,63
2026-06-06 01:49:24,40.0,7038,40960,17.2,-2311.9,24255,257046,9.4,63
2026-06-06 01:49:34,46.0,8436,40960,20.6,272.3,25936,257046,10.1,63
2026-06-06 01:49:44,46.0,8436,40960,20.6,617.5,25936,257046,10.1,63
2026-06-06 01:49:54,43.0,8436,40960,20.6,-2.8,25936,257046,10.1,63
2026-06-06 01:50:04,36.0,8436,40960,20.6,-125.7,24733,257046,9.6,60
2026-06-06 01:50:15,34.0,7326,40960,17.9,-1212.9,25368,257046,9.9,58
2026-06-06 01:50:25,39.0,9034,40960,22.1,-47.7,25830,257046,10.0,58
2026-06-06 01:50:35,41.0,9034,40960,22.1,612.4,25831,257046,10.0,60
2026-06-06 01:50:45,37.0,9034,40960,22.1,-155.6,25832,257046,10.0,60
2026-06-06 01:50:55,26.0,9034,40960,22.1,-410.1,26008,257046,10.1,57
2026-06-06 01:51:05,34.0,9034,40960,22.1,610.5,26005,257046,10.1,59
2026-06-06 01:51:15,35.0,9034,40960,22.1,615.5,26005,257046,10.1,59
2026-06-06 01:51:25,34.0,9034,40960,22.1,-747.3,26008,257046,10.1,58
2026-06-06 01:51:35,35.0,7636,40960,18.6,-35.9,24262,257046,9.4,55
2026-06-06 01:51:45,35.0,8866,40960,21.6,599.3,25902,257046,10.1,58
2026-06-06 01:51:56,42.0,8866,40960,21.6,610.8,25902,257046,10.1,58
2026-06-06 01:52:06,29.0,8866,40960,21.6,-443.4,25904,257046,10.1,58
2026-06-06 01:52:16,33.0,6640,40960,16.2,57.7,23661,257046,9.2,57
2026-06-06 01:52:26,45.0,8086,40960,19.7,197.2,25798,257046,10.0,57
2026-06-06 01:52:36,44.0,8086,40960,19.7,-1.1,25798,257046,10.0,57
2026-06-06 01:52:46,40.0,8086,40960,19.7,223.9,25796,257046,10.0,58
2026-06-06 01:52:56,43.0,8086,40960,19.7,638.9,25796,257046,10.0,58
2026-06-06 01:53:06,41.0,8388,40960,20.5,-816.3,25898,257046,10.1,58
2026-06-06 01:53:16,42.0,8388,40960,20.5,615.2,25911,257046,10.1,59
2026-06-06 01:53:26,46.0,8388,40960,20.5,230.9,25913,257046,10.1,59
2026-06-06 01:53:36,29.0,8388,40960,20.5,14.3,25913,257046,10.1,58
2026-06-06 01:53:47,42.0,8388,40960,20.5,215.4,25915,257046,10.1,59
2026-06-06 01:53:57,43.0,8388,40960,20.5,201.7,25919,257046,10.1,59
2026-06-06 01:54:07,44.0,8388,40960,20.5,-62.8,25919,257046,10.1,59
2026-06-06 01:54:17,42.0,8388,40960,20.5,283.3,25919,257046,10.1,59
2026-06-06 01:54:27,43.0,8388,40960,20.5,236.0,25919,257046,10.1,59
2026-06-06 01:54:37,30.0,6640,40960,16.2,-240.6,23847,257046,9.3,58
2026-06-06 01:54:47,43.0,7990,40960,19.5,-462.3,25955,257046,10.1,58
2026-06-06 01:54:57,45.0,7990,40960,19.5,619.0,25956,257046,10.1,59
2026-06-06 01:55:07,41.0,7990,40960,19.5,222.4,25958,257046,10.1,59
2026-06-06 01:55:17,42.0,7990,40960,19.5,-17.5,25958,257046,10.1,60
2026-06-06 01:55:28,36.0,7990,40960,19.5,-196.4,26126,257046,10.2,59
2026-06-06 01:55:38,47.0,7990,40960,19.5,623.7,26125,257046,10.2,60
2026-06-06 01:55:48,34.0,7990,40960,19.5,-423.5,24941,257046,9.7,59
2026-06-06 01:55:58,38.0,6130,40960,15.0,-1039.5,24368,257046,9.5,56
2026-06-06 01:56:08,38.0,7882,40960,19.2,-196.7,26003,257046,10.1,59
2026-06-06 01:56:18,45.0,7882,40960,19.2,320.6,26003,257046,10.1,60
2026-06-06 01:56:28,44.0,7882,40960,19.2,187.5,26003,257046,10.1,60
2026-06-06 01:56:38,43.0,7882,40960,19.2,618.5,26004,257046,10.1,60
2026-06-06 01:56:48,30.0,7884,40960,19.2,-907.3,23772,257046,9.2,59
2026-06-06 01:56:58,34.0,6976,40960,17.0,374.9,24541,257046,9.5,58
2026-06-06 01:57:08,39.0,7994,40960,19.5,216.3,25928,257046,10.1,59
2026-06-06 01:57:19,41.0,7994,40960,19.5,620.5,25929,257046,10.1,59
2026-06-06 01:57:29,41.0,7994,40960,19.5,-501.4,25939,257046,10.1,59
2026-06-06 01:57:39,36.0,7994,40960,19.5,247.5,26023,257046,10.1,59
2026-06-06 01:57:49,41.0,7994,40960,19.5,194.8,26035,257046,10.1,59
2026-06-06 01:57:59,39.0,7994,40960,19.5,305.0,26036,257046,10.1,59
2026-06-06 01:58:09,34.0,6240,40960,15.2,-386.1,24042,257046,9.4,55
2026-06-06 01:58:19,38.0,7846,40960,19.2,214.7,25801,257046,10.0,57
2026-06-06 01:58:29,40.0,7846,40960,19.2,-111.7,25802,257046,10.0,59
2026-06-06 01:58:39,40.0,7846,40960,19.2,618.6,25802,257046,10.0,58
2026-06-06 01:58:49,32.0,7846,40960,19.2,210.7,25802,257046,10.0,58
2026-06-06 01:59:00,44.0,8204,40960,20.0,-487.5,25934,257046,10.1,59
2026-06-06 01:59:10,37.0,6761,40960,16.5,-102.6,24351,257046,9.5,57
2026-06-06 01:59:20,43.0,9282,40960,22.7,578.3,25878,257046,10.1,60
2026-06-06 01:59:30,43.0,9282,40960,22.7,-78.7,25879,257046,10.1,60
2026-06-06 01:59:40,40.0,9282,40960,22.7,-129.3,25881,257046,10.1,60
2026-06-06 01:59:50,46.0,9282,40960,22.7,238.7,26009,257046,10.1,61
2026-06-06 02:00:00,38.0,9284,40960,22.7,310.6,26023,257046,10.1,62
2026-06-06 02:00:10,45.0,9284,40960,22.7,197.0,26024,257046,10.1,61
2026-06-06 02:00:20,32.0,7320,40960,17.9,-401.4,23905,257046,9.3,59
2026-06-06 02:00:30,36.0,8848,40960,21.6,-98.4,25911,257046,10.1,59
2026-06-06 02:00:41,36.0,8848,40960,21.6,575.6,25911,257046,10.1,60
2026-06-06 02:00:51,41.0,8848,40960,21.6,211.8,25911,257046,10.1,60
2026-06-06 02:01:01,29.0,8848,40960,21.6,-67.5,25911,257046,10.1,60
2026-06-06 02:01:11,31.0,6308,40960,15.4,-332.4,23852,257046,9.3,58
2026-06-06 02:01:21,40.0,7310,40960,17.8,569.8,25894,257046,10.1,58
2026-06-06 02:01:31,34.0,7310,40960,17.8,-56.3,25894,257046,10.1,58
2026-06-06 02:01:41,41.0,7310,40960,17.8,-151.6,25897,257046,10.1,56
2026-06-06 02:01:51,35.0,7310,40960,17.8,598.7,25900,257046,10.1,57
2026-06-06 02:02:01,28.0,7310,40960,17.8,-150.2,25995,257046,10.1,56
2026-06-06 02:02:11,37.0,7310,40960,17.8,286.7,25995,257046,10.1,57
2026-06-06 02:02:21,28.0,5782,40960,14.1,-329.0,23666,257046,9.2,55
2026-06-06 02:02:31,36.0,6926,40960,16.9,600.4,25498,257046,9.9,53
2026-06-06 02:02:42,27.0,6928,40960,16.9,-486.2,25909,257046,10.1,53
2026-06-06 02:02:52,28.0,6928,40960,16.9,255.2,25909,257046,10.1,54
2026-06-06 02:03:02,39.0,6928,40960,16.9,595.7,25908,257046,10.1,55
2026-06-06 02:03:12,38.0,6928,40960,16.9,-69.3,26073,257046,10.1,54
2026-06-06 02:03:22,34.0,5926,40960,14.5,-555.4,23938,257046,9.3,52
2026-06-06 02:03:32,44.0,7230,40960,17.7,195.4,25980,257046,10.1,52
2026-06-06 02:03:42,36.0,7230,40960,17.7,304.2,25980,257046,10.1,52
2026-06-06 02:03:52,35.0,7230,40960,17.7,229.7,25982,257046,10.1,51
2026-06-06 02:04:02,41.0,7230,40960,17.7,225.5,25982,257046,10.1,51
2026-06-06 02:04:12,41.0,7232,40960,17.7,-452.5,26086,257046,10.1,50
2026-06-06 02:04:22,37.0,7232,40960,17.7,599.4,26086,257046,10.1,50
2026-06-06 02:04:33,34.0,6086,40960,14.9,35.2,24219,257046,9.4,48
2026-06-06 02:04:43,38.0,7320,40960,17.9,-104.0,25852,257046,10.1,48
2026-06-06 02:04:53,39.0,7320,40960,17.9,-155.3,25855,257046,10.1,48
2026-06-06 02:05:03,36.0,7320,40960,17.9,605.9,25855,257046,10.1,48
2026-06-06 02:05:13,37.0,7320,40960,17.9,-412.2,25992,257046,10.1,47
2026-06-06 02:05:23,37.0,7320,40960,17.9,198.4,25995,257046,10.1,47
2026-06-06 02:05:33,37.0,6456,40960,15.8,-69.8,24461,257046,9.5,47
2026-06-06 02:05:43,32.0,7880,40960,19.2,281.8,25851,257046,10.1,50
2026-06-06 02:05:53,25.0,7880,40960,19.2,-167.1,25863,257046,10.1,49
2026-06-06 02:06:03,31.0,7880,40960,19.2,236.6,25863,257046,10.1,50
2026-06-06 02:06:13,38.0,7880,40960,19.2,-92.5,26009,257046,10.1,50
2026-06-06 02:06:23,35.0,7880,40960,19.2,591.2,26010,257046,10.1,52
2026-06-06 02:06:34,33.0,7880,40960,19.2,-190.0,26012,257046,10.1,51
2026-06-06 02:06:44,33.0,7880,40960,19.2,-102.5,26011,257046,10.1,51
2026-06-06 02:06:54,38.0,7880,40960,19.2,234.7,26013,257046,10.1,52
2026-06-06 02:07:04,35.0,7880,40960,19.2,612.2,26013,257046,10.1,52
2026-06-06 02:07:14,31.0,7880,40960,19.2,-522.9,24853,257046,9.7,49
2026-06-06 02:07:24,38.0,7012,40960,17.1,-1573.2,25416,257046,9.9,50
2026-06-06 02:07:34,37.0,5604,40960,13.7,49.3,23755,257046,9.2,48
2026-06-06 02:07:44,36.0,6766,40960,16.5,584.1,25862,257046,10.1,48
2026-06-06 02:07:54,38.0,6766,40960,16.5,-169.3,25864,257046,10.1,47
2026-06-06 02:08:04,40.0,6766,40960,16.5,-80.2,26022,257046,10.1,46
2026-06-06 02:08:15,37.0,6766,40960,16.5,308.0,26192,257046,10.2,46
2026-06-06 02:08:25,37.0,6766,40960,16.5,614.9,26192,257046,10.2,46
2026-06-06 02:08:35,35.0,6766,40960,16.5,-476.4,26193,257046,10.2,45
2026-06-06 02:08:45,37.0,6766,40960,16.5,-63.8,26196,257046,10.2,45
2026-06-06 02:08:55,37.0,6766,40960,16.5,603.4,26196,257046,10.2,45
2026-06-06 02:09:05,29.0,5790,40960,14.1,101.1,23971,257046,9.3,44
2026-06-06 02:09:15,38.0,6660,40960,16.3,-488.6,24788,257046,9.6,45
2026-06-06 02:09:25,34.0,5498,40960,13.4,22.9,24133,257046,9.4,44
2026-06-06 02:09:35,35.0,6398,40960,15.6,621.2,25744,257046,10.0,44
2026-06-06 02:09:45,32.0,6398,40960,15.6,320.5,25830,257046,10.0,44
2026-06-06 02:09:55,38.0,6398,40960,15.6,-183.4,25842,257046,10.1,43
2026-06-06 02:10:06,38.0,6398,40960,15.6,244.5,25841,257046,10.1,44
2026-06-06 02:10:16,36.0,6398,40960,15.6,252.1,25997,257046,10.1,43
2026-06-06 02:10:26,38.0,6398,40960,15.6,295.2,26000,257046,10.1,43
2026-06-06 02:10:36,35.0,6398,40960,15.6,-148.5,26001,257046,10.1,43
2026-06-06 02:10:46,30.0,6398,40960,15.6,245.2,25999,257046,10.1,43
2026-06-06 02:10:56,36.0,6398,40960,15.6,-89.7,26000,257046,10.1,43
2026-06-06 02:11:06,41.0,6398,40960,15.6,640.7,26000,257046,10.1,43
2026-06-06 02:11:16,33.0,6398,40960,15.6,-154.3,26000,257046,10.1,43
2026-06-06 02:11:26,32.0,6398,40960,15.6,-120.4,24878,257046,9.7,43
2026-06-06 02:11:36,34.0,5498,40960,13.4,52.9,24267,257046,9.4,42
2026-06-06 02:11:47,32.0,6268,40960,15.3,261.6,25908,257046,10.1,44
2026-06-06 02:11:57,40.0,6268,40960,15.3,230.0,25908,257046,10.1,43
2026-06-06 02:12:07,38.0,6268,40960,15.3,-98.1,25911,257046,10.1,44
2026-06-06 02:12:17,36.0,6268,40960,15.3,319.3,26063,257046,10.1,44
2026-06-06 02:12:27,34.0,6268,40960,15.3,276.7,26061,257046,10.1,45
2026-06-06 02:12:37,36.0,6268,40960,15.3,-105.1,26059,257046,10.1,44
2026-06-06 02:12:47,41.0,6268,40960,15.3,-101.5,26060,257046,10.1,44
2026-06-06 02:12:57,39.0,6268,40960,15.3,650.0,26060,257046,10.1,45
2026-06-06 02:13:07,37.0,6268,40960,15.3,277.4,26061,257046,10.1,45
2026-06-06 02:13:17,38.0,6268,40960,15.3,-124.8,26062,257046,10.1,44
2026-06-06 02:13:27,37.0,5498,40960,13.4,-381.6,24193,257046,9.4,43
2026-06-06 02:13:38,40.0,6332,40960,15.5,615.5,25817,257046,10.0,45
2026-06-06 02:13:48,33.0,6332,40960,15.5,-107.1,25817,257046,10.0,44
2026-06-06 02:13:58,43.0,6332,40960,15.5,232.6,25817,257046,10.0,44
2026-06-06 02:14:08,39.0,6332,40960,15.5,-73.5,25956,257046,10.1,45
2026-06-06 02:14:18,33.0,6332,40960,15.5,323.6,25955,257046,10.1,45
2026-06-06 02:14:28,33.0,6332,40960,15.5,220.9,24811,257046,9.7,44
2026-06-06 02:14:38,36.0,5820,40960,14.2,-1069.8,23912,257046,9.3,44
2026-06-06 02:14:48,31.0,5826,40960,14.2,586.1,25492,257046,9.9,44
2026-06-06 02:14:58,42.0,5826,40960,14.2,284.7,25491,257046,9.9,44
2026-06-06 02:15:08,38.0,5826,40960,14.2,635.3,25492,257046,9.9,44
2026-06-06 02:15:19,20.0,4992,40960,12.2,-1055.7,23841,257046,9.3,43
2026-06-06 02:15:29,42.0,6360,40960,15.5,240.0,25606,257046,10.0,44
2026-06-06 02:15:39,36.0,6360,40960,15.5,633.7,25606,257046,10.0,45
2026-06-06 02:15:49,33.0,6360,40960,15.5,634.4,25606,257046,10.0,47
2026-06-06 02:15:59,27.0,6360,40960,15.5,-835.3,25761,257046,10.0,45
2026-06-06 02:16:09,36.0,6360,40960,15.5,268.2,25763,257046,10.0,47
2026-06-06 02:16:19,40.0,6360,40960,15.5,635.4,25764,257046,10.0,48
2026-06-06 02:16:29,31.0,6360,40960,15.5,333.6,25763,257046,10.0,49
2026-06-06 02:16:39,32.0,6362,40960,15.5,-883.1,25766,257046,10.0,46
2026-06-06 02:16:49,41.0,5132,40960,12.5,-832.1,23306,257046,9.1,46
2026-06-06 02:16:59,24.0,5132,40960,12.5,231.0,23310,257046,9.1,45
2026-06-06 02:17:10,30.0,3763,40960,9.2,-126.2,20859,257046,8.1,44
2026-06-06 02:17:20,33.0,3763,40960,9.2,-358.2,20859,257046,8.1,43
2026-06-06 02:17:30,30.0,3763,40960,9.2,408.5,20859,257046,8.1,43
2026-06-06 02:17:40,25.0,3763,40960,9.2,97.5,20857,257046,8.1,42
2026-06-06 02:17:50,20.0,2893,40960,7.1,-1792.4,18521,257046,7.2,41
2026-06-06 02:18:00,18.0,2893,40960,7.1,-137.8,18521,257046,7.2,41
2026-06-06 02:18:10,18.0,2893,40960,7.1,264.3,18521,257046,7.2,41
2026-06-06 02:18:20,19.0,2893,40960,7.1,264.9,18521,257046,7.2,40
2026-06-06 02:18:30,19.0,2893,40960,7.1,-106.4,18521,257046,7.2,40
2026-06-06 02:18:40,18.0,2893,40960,7.1,-122.5,18522,257046,7.2,40
2026-06-06 02:18:50,20.0,2893,40960,7.1,264.6,18522,257046,7.2,39
2026-06-06 02:19:01,19.0,2893,40960,7.1,265.3,18523,257046,7.2,39
2026-06-06 02:19:11,21.0,2893,40960,7.1,-101.0,18523,257046,7.2,39
2026-06-06 02:19:21,18.0,2893,40960,7.1,-118.3,18523,257046,7.2,39
2026-06-06 02:19:31,18.0,2893,40960,7.1,264.9,18523,257046,7.2,39
2026-06-06 02:19:41,18.0,2893,40960,7.1,265.0,18523,257046,7.2,39
2026-06-06 02:19:51,19.0,2893,40960,7.1,-476.9,18523,257046,7.2,38
2026-06-06 02:20:01,19.0,2893,40960,7.1,246.5,18524,257046,7.2,38
2026-06-06 02:20:11,20.0,2893,40960,7.1,264.4,18524,257046,7.2,38
2026-06-06 02:20:21,19.0,2893,40960,7.1,-102.3,18523,257046,7.2,38
2026-06-06 02:20:31,13.0,2893,40960,7.1,-97.6,17354,257046,6.8,38
2026-06-06 02:20:41,20.0,2893,40960,7.1,245.8,18523,257046,7.2,38
2026-06-06 02:20:51,18.0,2893,40960,7.1,265.2,18523,257046,7.2,38
2026-06-06 02:21:02,20.0,2893,40960,7.1,-104.7,18523,257046,7.2,38
2026-06-06 02:21:12,2.0,2893,40960,7.1,-142.6,17296,257046,6.7,37
2026-06-06 02:21:22,2.0,731,40960,1.8,-2883.8,16094,257046,6.3,37
2026-06-06 02:21:32,2.0,731,40960,1.8,146.2,16093,257046,6.3,37
2026-06-06 02:21:42,2.0,731,40960,1.8,-213.7,16093,257046,6.3,36
2026-06-06 02:21:52,2.0,731,40960,1.8,147.4,16093,257046,6.3,36
2026-06-06 02:22:02,4.0,731,40960,1.8,146.2,16093,257046,6.3,36
2026-06-06 02:22:12,2.0,731,40960,1.8,-208.7,16094,257046,6.3,35
2026-06-06 02:22:22,4.0,731,40960,1.8,147.1,16094,257046,6.3,35
2026-06-06 02:22:32,2.0,731,40960,1.8,147.2,16093,257046,6.3,35
2026-06-06 02:22:42,4.0,731,40960,1.8,146.4,16093,257046,6.3,35
2026-06-06 02:22:52,4.0,731,40960,1.8,-207.5,16093,257046,6.3,35
2026-06-06 02:23:02,4.0,731,40960,1.8,147.3,16093,257046,6.3,35
2026-06-06 02:23:13,2.0,731,40960,1.8,137.4,16094,257046,6.3,35
2026-06-06 02:23:23,2.0,731,40960,1.8,-204.0,16094,257046,6.3,34
2026-06-06 02:23:33,3.0,731,40960,1.8,120.0,16094,257046,6.3,34
2026-06-06 02:23:43,2.0,731,40960,1.8,139.9,16093,257046,6.3,34
2026-06-06 02:23:53,4.0,731,40960,1.8,145.0,16093,257046,6.3,34
2026-06-06 02:24:03,2.0,2163,40960,5.3,-575.2,14784,257046,5.8,35
