item_id,item,item weight,prototype
2929,1987,1.9998621,0
2799,3587,1.9997606,0
1796,2149,1.999287,0
2521,606,1.999093,0
2452,2462,1.9989848,0
2451,1655,1.9988927,0
1257,1980,1.9987382,0
2445,3017,1.9986868,0
2750,1996,1.9985646,0
3075,2853,1.9985495,0
1302,1177,1.9997866,1
1821,892,1.9979861,1
993,3079,1.9916537,1
719,412,1.9860659,1
1718,534,1.9791662,1
1777,1542,1.9731617,1
108,2943,1.9702345,1
1959,2570,1.9623365,1
868,425,1.9581519,1
474,2436,1.956356,1
2674,1656,1.9998982,2
2964,1087,1.9996963,2
3018,1144,1.9987187,2
1658,3282,1.9978166,2
2924,3909,1.9972657,2
2800,3862,1.9972639,2
2940,452,1.9964224,2
1920,3719,1.9958801,2
2843,831,1.9947314,2
2981,1906,1.9939756,2
419,915,1.9986494,3
467,3668,1.9927762,3
1481,900,1.9860809,3
1483,3061,1.9757805,3
1089,3549,1.9731917,3
1001,2565,1.9663863,3
421,916,1.9618554,3
837,911,1.960251,3
953,3548,1.9599206,3
240,1947,1.9535313,3
1070,2478,1.9992671,4
357,2133,1.9975083,4
458,3087,1.9865534,4
370,2717,1.9714359,4
1957,2378,1.9659579,4
1193,2134,1.9520909,4
454,2423,1.9432727,4
712,3397,1.9384494,4
1460,2124,1.9333742,4
713,3398,1.9187735,4
1044,2118,1.9991077,5
1463,1298,1.9957583,5
1318,1345,1.9860804,5
747,1321,1.9844995,5
767,1982,1.9634756,5
1541,3706,1.9539366,5
760,1350,1.9528329,5
2120,1194,1.9397662,5
771,1994,1.9358299,5
1243,1347,1.9351115,5
408,2746,1.9957533,6
1313,661,1.9820495,6
334,1223,1.9678859,6
379,2657,1.9432766,6
697,2139,1.9364557,6
193,551,1.9318136,6
447,1032,1.9221871,6
361,2137,1.9081384,6
395,2161,1.8961868,6
148,2987,1.8940631,6
1365,1754,1.9997232,7
773,3744,1.9981189,7
1196,1518,1.9908631,7
117,1615,1.9809365,7
1285,89,1.9727385,7
1372,1769,1.9696028,7
2267,2505,1.9646306,7
811,1047,1.9552393,7
95,163,1.9542432,7
1678,3316,1.9526381,7
1664,298,1.9998268,8
2477,1695,1.9989598,8
2694,1412,1.9987059,8
2917,850,1.998275,8
2217,301,1.9975514,8
2015,3567,1.9975411,8
2693,3010,1.9973798,8
2530,3855,1.9972012,8
2087,83,1.997118,8
2081,214,1.9970875,8
1810,2652,1.9995503,9
1005,2647,1.999388,9
1807,2634,1.998516,9
2466,3339,1.9981349,9
2454,2651,1.9981074,9
1006,2649,1.9948936,9
1808,2635,1.9938171,9
1203,3758,1.9933991,9
3044,2525,1.9907577,9
1801,2519,1.9905171,9
288,3246,1.999366,10
67,1834,1.993299,10
820,2391,1.9771492,10
266,1466,1.9638088,10
306,25,1.9619368,10
1472,1694,1.9543124,10
190,1729,1.9446714,10
795,678,1.9332039,10
655,428,1.9245088,10
154,866,1.9242824,10
933,1180,1.9998157,11
2407,116,1.9985924,11
1868,3132,1.9971237,11
2621,705,1.9930158,11
2395,3217,1.9885306,11
2870,2417,1.985657,11
1858,1684,1.9836547,11
2714,2738,1.9825772,11
1886,3211,1.9814298,11
1577,3112,1.9783947,11
2827,1657,1.9999651,12
2974,2503,1.9997388,12
2523,3894,1.9995242,12
2373,570,1.9994661,12
1589,3124,1.9993067,12
1881,649,1.9991174,12
2377,1585,1.9987397,12
2576,583,1.9985278,12
2703,1893,1.9984798,12
2835,3531,1.9984384,12
1549,2870,1.9997888,13
975,3516,1.9992974,13
1715,1951,1.9935558,13
978,3028,1.9831469,13
1555,1099,1.9807777,13
1032,2941,1.9720192,13
1210,2077,1.9715885,13
1836,934,1.9678946,13
1035,3244,1.9677563,13
1239,1226,1.9606684,13
901,3707,1.9995472,14
1844,3529,1.9980035,14
1958,3420,1.9886376,14
904,3206,1.984998,14
1766,3029,1.9673512,14
2764,2753,1.9549093,14
614,1804,1.953822,14
1464,695,1.9523017,14
959,3102,1.9397411,14
1029,2852,1.9253912,14
2789,3137,1.999375,15
3108,3367,1.999275,15
2812,964,1.9958694,15
2721,2896,1.9954064,15
2669,3143,1.994268,15
1871,1472,1.9873191,15
2295,458,1.9818206,15
1841,1661,1.977781,15
2811,3025,1.9677558,15
3120,3767,1.9606729,15
2794,1549,1.9999807,16
1368,148,1.9999176,16
2836,2773,1.9998991,16
2489,1058,1.9996753,16
2568,124,1.9996388,16
2073,3860,1.999625,16
2032,1502,1.9994019,16
2680,331,1.9993372,16
3031,811,1.9993122,16
2563,1749,1.9993036,16
1594,112,1.9989944,17
311,2699,1.9953167,17
646,198,1.9874916,17
667,3300,1.9734082,17
281,741,1.9678679,17
589,1909,1.96558,17
669,3745,1.9494178,17
807,1391,1.949057,17
255,861,1.9435942,17
423,2826,1.9371998,17
2772,3401,1.9999183,18
1647,87,1.9997737,18
2802,484,1.9994068,18
2098,3921,1.998878,18
1621,885,1.9985058,18
786,2800,1.9980346,18
2850,3799,1.998032,18
2814,3520,1.9980202,18
2849,3776,1.9978967,18
1651,631,1.9977975,18
1788,611,1.9995439,19
2436,2900,1.9980052,19
812,3660,1.9966369,19
1244,1969,1.9956689,19
1259,1983,1.9951029,19
1795,2122,1.9950716,19
1380,177,1.9943516,19
1799,2328,1.9933507,19
1263,891,1.993154,19
2266,880,1.9926434,19
1763,393,1.9998336,20
3096,1497,1.9995311,20
2341,502,1.999156,20
3094,1869,1.9987806,20
2808,1389,1.9984071,20
3051,1556,1.9979966,20
2048,839,1.997925,20
2775,2748,1.9977818,20
2894,1681,1.9971316,20
2455,1862,1.9970566,20
1560,2596,1.9994274,21
2299,627,1.9992392,21
2111,3327,1.9940557,21
2103,3262,1.9930086,21
972,1216,1.9835801,21
1327,2165,1.9823289,21
1355,1648,1.9801385,21
816,81,1.9792535,21
1280,159,1.9782467,21
1113,1827,1.977921,21
1892,3426,1.9992781,22
1370,2639,1.9974895,22
2595,147,1.9900267,22
273,1840,1.9802338,22
1121,1191,1.9691476,22
1133,3480,1.9591708,22
2182,3649,1.958154,22
905,2262,1.9539678,22
1446,2114,1.9445453,22
1510,1414,1.9365296,22
1424,522,1.9997504,23
1350,893,1.9995153,23
2152,3680,1.9966966,23
2704,3920,1.9911097,23
1277,1310,1.9883958,23
2016,3718,1.9877803,23
2470,3544,1.9869126,23
2093,1255,1.983879,23
2376,1483,1.9836278,23
1862,390,1.9829082,23
302,1735,1.9991331,24
1479,2891,1.9984663,24
1559,2310,1.9921569,24
721,26,1.9819453,24
2046,3831,1.9690475,24
1903,2883,1.9654303,24
1192,1658,1.9569347,24
1501,3882,1.9558607,24
765,2836,1.9535575,24
1220,1821,1.9514472,24
508,2529,1.9981022,25
651,3703,1.9914839,25
142,3702,1.9878218,25
690,2985,1.9502153,25
666,2288,1.9443071,25
143,2366,1.9202962,25
389,2662,1.9195297,25
484,2872,1.9194132,25
679,2527,1.9184659,25
417,1374,1.8975073,25
452,3723,1.9998077,26
57,2236,1.9969004,26
289,105,1.9922423,26
284,3528,1.9843112,26
620,1672,1.9765904,26
606,1619,1.9764237,26
1513,848,1.9739945,26
1176,381,1.9717455,26
1779,477,1.9686631,26
1371,1693,1.967534,26
1671,1260,1.9994006,27
949,1237,1.9956734,27
1274,3629,1.9906414,27
940,922,1.9792123,27
1676,3742,1.9787426,27
1346,3307,1.9743255,27
979,3462,1.9735446,27
1072,1251,1.9732676,27
941,2186,1.9728799,27
1719,2203,1.9703996,27
1840,1807,1.9999368,28
2971,283,1.9996806,28
2679,1000,1.9994191,28
3038,1671,1.9990635,28
3063,297,1.99896,28
3107,2809,1.9989109,28
2866,640,1.9988673,28
2785,3848,1.9984831,28
2607,1798,1.9984506,28
2676,1421,1.9984221,28
974,2208,1.9992146,29
943,947,1.99741,29
1493,1066,1.9900329,29
991,3341,1.987702,29
1099,945,1.9822118,29
987,2935,1.9811687,29
1724,936,1.9796401,29
1734,2936,1.9792069,29
1024,931,1.9783365,29
410,1948,1.9782363,29
2514,2978,1.9997647,30
2065,2574,1.9995193,30
1966,340,1.995734,30
2511,3225,1.9944489,30
1713,1461,1.9941332,30
2385,835,1.9941281,30
2761,875,1.9935176,30
1502,3646,1.9933134,30
1823,2806,1.9932287,30
1987,408,1.9923408,30
1534,1938,1.9994826,31
1507,3011,1.9988482,31
1771,1942,1.9961214,31
1508,2212,1.9881549,31
1090,1946,1.9873548,31
1017,3546,1.9861565,31
1503,3789,1.9846623,31
2116,3475,1.9825937,31
2383,1150,1.981255,31
1028,949,1.9803734,31
1162,556,1.9998498,32
1888,3182,1.9986321,32
184,1649,1.9963529,32
2090,3925,1.9902043,32
1545,1050,1.9853144,32
2047,1236,1.9845564,32
2078,2330,1.98211,32
1108,123,1.9809742,32
1392,190,1.9794962,32
1933,1111,1.9792287,32
1030,3735,1.9996517,33
131,3168,1.9962578,33
1132,3551,1.9954145,33
842,2917,1.9802355,33
579,1263,1.9799688,33
1360,3198,1.9713559,33
134,2871,1.9686909,33
1538,2819,1.9580107,33
999,3362,1.9534262,33
1038,2467,1.9468446,33
414,1371,1.9969206,34
741,1587,1.9960043,34
782,2641,1.9922625,34
764,3638,1.9798636,34
1206,2533,1.957422,34
418,1375,1.9571204,34
650,3701,1.9549863,34
845,3740,1.9533077,34
849,3770,1.9520252,34
731,2414,1.950551,34
2370,2380,1.9993773,35
2434,2458,1.9982748,35
2282,2587,1.9974327,35
918,1640,1.9973342,35
2544,424,1.997113,35
2313,1550,1.9969883,35
2033,1605,1.9967911,35
2625,2027,1.99674,35
2584,725,1.9965279,35
2658,174,1.9964335,35
87,593,1.9963582,36
73,2858,1.9808947,36
109,318,1.9693844,36
30,2762,1.9653909,36
40,2028,1.9477416,36
17,527,1.943671,36
163,296,1.9247313,36
43,608,1.9229529,36
167,50,1.918941,36
316,1617,1.9080211,36
1015,1792,1.999206,37
1286,494,1.998317,37
821,95,1.9952556,37
1695,786,1.9932631,37
121,1049,1.992805,37
512,1586,1.9903592,37
1743,1385,1.9843605,37
1753,376,1.9819381,37
1758,1616,1.9811032,37
1692,145,1.9786975,37
2009,2730,1.9995883,38
936,2066,1.9993296,38
1556,3929,1.9977369,38
2124,3038,1.9897329,38
2517,2182,1.989658,38
2725,2511,1.9887979,38
1721,2204,1.988299,38
2154,2970,1.9875317,38
1673,978,1.9857755,38
2788,2075,1.9848063,38
3000,2923,1.9999247,39
2399,3749,1.9997554,39
2801,3140,1.9995706,39
3124,2776,1.9991928,39
2401,2897,1.9991623,39
1932,3473,1.9989555,39
3036,3645,1.9988898,39
2393,3047,1.9987651,39
2997,751,1.9986453,39
2529,2933,1.9982032,39
597,832,1.9980502,40
591,3005,1.9918785,40
1848,2688,1.9798536,40
600,1892,1.9689186,40
594,161,1.9552572,40
1112,647,1.9527408,40
563,3178,1.9525918,40
1681,3513,1.9523883,40
1334,1459,1.9495661,40
242,266,1.943697,40
1434,617,1.9999439,41
2886,877,1.9998341,41
2101,1613,1.9994972,41
2902,3913,1.9993601,41
2702,1902,1.9992077,41
3020,633,1.9991747,41
2859,2589,1.9991399,41
2212,1811,1.9991004,41
2221,2678,1.9988303,41
2485,1002,1.9987673,41
2537,2267,1.999761,42
1870,1404,1.9993247,42
2226,365,1.9991553,42
2954,2237,1.9979382,42
1832,1352,1.9953663,42
2538,3318,1.9943445,42
2535,1600,1.9936132,42
2391,1508,1.9933414,42
2905,2842,1.9931352,42
2278,2579,1.9929011,42
895,252,1.9994813,43
352,2496,1.997755,43
1215,2297,1.9954736,43
1614,837,1.9795419,43
390,3466,1.9753131,43
18,48,1.9745836,43
1172,2059,1.9739363,43
623,2581,1.9699259,43
1989,1020,1.967468,43
1625,1588,1.9620564,43
2573,2016,1.9998698,44
2598,881,1.9996512,44
1998,2041,1.9994388,44
2392,761,1.9986753,44
2889,2092,1.997111,44
2572,1005,1.9962171,44
1616,1474,1.9959996,44
1648,558,1.9958258,44
1608,8,1.9954374,44
756,1772,1.9951357,44
2162,3281,1.9996707,45
654,30,1.9995509,45
2480,3677,1.9993677,45
955,846,1.998245,45
2626,1865,1.9972984,45
1900,97,1.9972246,45
2002,3055,1.9953889,45
2153,99,1.9952811,45
2338,149,1.9951878,45
2297,80,1.9949663,45
2781,3434,1.9996561,46
2847,2756,1.999641,46
3119,3432,1.9980108,46
1698,3141,1.9974656,46
1527,2472,1.9969165,46
3092,1825,1.9961953,46
1980,3433,1.9961902,46
1815,3491,1.9961216,46
1906,3064,1.99597,46
1996,3768,1.9958782,46
2056,2558,1.9997721,47
431,2252,1.9981039,47
2317,276,1.99809,47
1225,691,1.9949647,47
914,378,1.9917791,47
1063,2432,1.9898365,47
1320,2154,1.9898361,47
407,765,1.989479,47
1228,289,1.9893944,47
413,2316,1.9886254,47
180,2580,1.9980241,48
685,2542,1.9928107,48
763,785,1.9779361,48
1587,1093,1.9664801,48
1050,2710,1.9523236,48
202,1732,1.9466677,48
283,1639,1.9271579,48
1058,441,1.9249682,48
772,2502,1.9222047,48
325,1060,1.917254,48
1116,3504,1.9980901,49
567,1244,1.9900415,49
897,3543,1.9821837,49
1166,2973,1.97066,49
1039,1300,1.9375849,49
1282,1952,1.9140403,49
853,3424,1.9140035,49
1223,1186,1.9090081,49
547,2076,1.903417,49
790,2064,1.9024049,49
402,904,1.9994586,50
569,923,1.9943619,50
188,908,1.9810715,50
1016,903,1.9732878,50
932,1252,1.9674051,50
827,1267,1.9511957,50
199,913,1.9455047,50
247,912,1.940798,50
111,1247,1.939913,50
39,1207,1.9289455,50
3111,966,1.9999799,51
3019,3845,1.9998751,51
2615,3640,1.9995444,51
2970,563,1.9991522,51
2962,189,1.998468,51
2871,958,1.9980719,51
2672,2201,1.9972434,51
2809,3106,1.996071,51
3068,2945,1.9949262,51
3069,197,1.9948595,51
800,771,1.9994359,52
2983,3580,1.9993329,52
1826,3934,1.9964345,52
2982,962,1.992188,52
2298,3902,1.9628907,52
2663,3912,1.9596581,52
2287,2768,1.9534875,52
2251,3867,1.9410816,52
1964,3853,1.9398794,52
3121,554,1.9376796,52
1581,321,1.9998093,53
2231,461,1.9992573,53
2191,803,1.9988282,53
2205,2437,1.9961545,53
2196,3118,1.9950438,53
1723,2314,1.9932814,53
2007,2621,1.9930537,53
2618,2618,1.9923863,53
152,1535,1.9911034,53
2774,155,1.9909406,53
706,2082,1.9997303,54
1610,673,1.9987519,54
1565,2421,1.9969482,54
1227,1894,1.9869022,54
1644,1021,1.983201,54
1641,1015,1.9813898,54
696,158,1.9803843,54
2291,516,1.9750593,54
1240,2468,1.9737427,54
1413,432,1.9713552,54
1947,3764,1.9997456,55
2747,1752,1.9978175,55
1982,227,1.9975166,55
2505,547,1.9972473,55
2830,23,1.9960082,55
1972,798,1.9957498,55
1789,694,1.9956813,55
1995,548,1.9945272,55
2818,544,1.9943669,55
1746,2412,1.9939964,55
964,3836,1.999494,56
694,2993,1.994636,56
1878,3366,1.9920794,56
2593,2922,1.983927,56
1800,2401,1.9791291,56
961,3062,1.9745213,56
1036,3682,1.964725,56
1529,3508,1.9613125,56
229,3074,1.9591099,56
1674,2921,1.9589815,56
2175,3235,1.9999156,57
2757,2862,1.9989263,57
2141,2659,1.9970968,57
2459,3732,1.9958904,57
574,1331,1.9956784,57
2444,3013,1.9947162,57
2610,2460,1.9934838,57
2462,3840,1.9928539,57
2609,1341,1.9926145,57
2460,3837,1.99019,57
92,1955,1.9983966,58
720,1956,1.9953263,58
411,2312,1.9892601,58
93,1124,1.9802155,58
874,3685,1.9718373,58
1238,3684,1.9681058,58
864,2243,1.9619582,58
531,3347,1.9616368,58
838,1958,1.9582357,58
1411,2919,1.9554527,58
2631,2865,1.9999486,59
3002,1458,1.9997504,59
2903,2691,1.9992976,59
3003,1846,1.9992666,59
2145,2824,1.9986734,59
2143,183,1.9986714,59
3010,2283,1.9985533,59
2643,1114,1.9983025,59
2532,1351,1.9979424,59
183,1715,1.9978913,59
3084,1326,1.9999812,60
2662,2884,1.999848,60
2762,2523,1.9996333,60
3102,386,1.9995615,60
3109,1439,1.9991574,60
3087,2755,1.9989768,60
3045,528,1.9989506,60
2948,2522,1.9985875,60
3026,1565,1.9984938,60
2261,2264,1.998452,60
1011,1344,1.9996321,61
1076,3871,1.9969134,61
1085,3467,1.9924134,61
1081,1283,1.9910226,61
1164,3196,1.9897318,61
1954,3801,1.9807703,61
1542,3634,1.9778397,61
1074,3365,1.9733685,61
1399,1950,1.9731705,61
572,1303,1.9727874,61
858,2144,1.9972014,62
976,3524,1.9878807,62
462,3591,1.9766301,62
1470,2463,1.9702652,62
398,3039,1.9688951,62
869,2915,1.9666688,62
794,3526,1.9651599,62
560,2795,1.9502531,62
521,2100,1.9443899,62
493,2371,1.9436898,62
1701,370,1.9981977,63
875,3254,1.9981871,63
788,3869,1.995586,63
799,2249,1.9953452,63
1055,2413,1.9826946,63
1649,700,1.972033,63
2012,3477,1.9705275,63
1321,1425,1.968391,63
2164,410,1.9645827,63
789,585,1.9640214,63
49,648,1.9982916,64
715,10,1.9875691,64
432,780,1.9869722,64
124,733,1.9744787,64
262,1722,1.9597456,64
879,1917,1.9582517,64
768,3082,1.9531585,64
96,380,1.9477947,64
85,736,1.938364,64
80,1370,1.9377499,64
825,3505,1.9987493,65
2112,2474,1.996587,65
959,3102,1.9903178,65
1847,2745,1.9719274,65
2027,3169,1.9466423,65
916,3098,1.934302,65
2026,2240,1.9277294,65
1958,3420,1.9247029,65
894,3101,1.9184248,65
1029,2852,1.9183271,65
3056,2984,1.9999042,66
3091,2737,1.9992273,66
2986,146,1.9990138,66
1803,3403,1.9987836,66
2740,731,1.9985756,66
2334,2307,1.9984039,66
3029,238,1.9979069,66
2743,416,1.9978766,66
2944,1153,1.9975457,66
3070,3644,1.9974008,66
218,1171,1.9982324,67
195,2318,1.9949514,67
1558,3007,1.9882178,67
274,1916,1.9860283,67
639,247,1.9633307,67
1839,101,1.959521,67
559,2282,1.953583,67
212,562,1.9508494,67
182,176,1.9489157,67
436,2693,1.9485929,67
884,2541,1.9991153,68
1153,3301,1.9981618,68
1290,3617,1.9940002,68
777,3752,1.9817283,68
223,3717,1.9761441,68
1289,3409,1.9732915,68
1168,3785,1.9638917,68
599,2694,1.9628651,68
1267,3273,1.9613342,68
603,2840,1.9578221,68
2983,3580,1.9996734,69
800,771,1.9996579,69
1826,3934,1.9970601,69
2982,962,1.9926656,69
2298,3902,1.9645889,69
2663,3912,1.9608872,69
2287,2768,1.9552915,69
2251,3867,1.9438057,69
1964,3853,1.940732,69
3121,554,1.939638,69
1067,1091,1.9996665,70
2110,2372,1.9979036,70
2260,2263,1.9884595,70
115,2735,1.9881504,70
1062,2796,1.9858118,70
2326,719,1.9848841,70
1061,2794,1.9815836,70
745,2616,1.9697719,70
2320,450,1.9656065,70
497,2375,1.9626778,70
2825,3714,1.9998578,71
1833,3109,1.9993585,71
1970,2086,1.9978266,71
2171,3144,1.9955795,71
2183,2419,1.9948901,71
3061,2257,1.9922554,71
2202,1547,1.9912754,71
1712,1381,1.991087,71
2170,3715,1.9910733,71
2815,2037,1.9909317,71
674,2377,1.9993594,72
1207,2034,1.9989469,72
2448,2163,1.9945734,72
1362,2613,1.9873693,72
1805,2532,1.9863164,72
1202,3807,1.9854312,72
1804,2531,1.9827416,72
1468,2365,1.9801149,72
2331,1128,1.9799495,72
1762,533,1.9742272,72
1999,2048,1.9995854,73
1623,1713,1.9988828,73
224,1030,1.9944886,73
1633,1848,1.9939468,73
709,2089,1.9880897,73
1217,107,1.9876263,73
738,616,1.9830701,73
397,2090,1.9807066,73
1663,1024,1.9799025,73
1605,2123,1.97949,73
372,3447,1.9997723,74
1922,2181,1.9984794,74
1573,973,1.9974499,74
2361,3622,1.9942585,74
71,982,1.9926225,74
1994,3678,1.9915088,74
1466,2184,1.9910712,74
2062,3199,1.9905825,74
1853,3849,1.9902539,74
2488,3738,1.9887877,74
1443,492,1.9992335,75
209,348,1.9957983,75
554,345,1.9923964,75
872,1057,1.9803772,75
164,728,1.9749901,75
1662,417,1.9535215,75
844,52,1.9514449,75
1092,2171,1.9513047,75
204,1734,1.9465414,75
1530,1914,1.941974,75
1377,1779,1.9996583,76
1759,1591,1.9974371,76
1988,1882,1.996494,76
1379,173,1.9956503,76
1595,3438,1.9934497,76
819,485,1.9892933,76
1636,1920,1.9850338,76
1601,1037,1.9843144,76
1598,1858,1.9835955,76
730,44,1.9825666,76
2642,2848,1.9997791,77
1935,3813,1.9994037,77
2146,3559,1.9991326,77
2769,3632,1.9984399,77
2627,3739,1.9982091,77
2405,3222,1.9972911,77
2406,3171,1.9952328,77
2943,746,1.9951133,77
1733,3736,1.9951026,77
1578,3069,1.9943511,77
2346,917,1.9997032,78
345,3500,1.9969146,78
1632,1919,1.9962659,78
1230,937,1.9842598,78
2092,2996,1.9757805,78
1496,986,1.9488037,78
353,2497,1.8901287,78
608,1487,1.8875034,78
1575,277,1.8861225,78
1222,140,1.885514,78
1150,3727,1.9990778,79
1317,3018,1.9956331,79
689,2117,1.9862971,79
1358,2459,1.9749718,79
1811,1924,1.9732716,79
950,2550,1.9689479,79
1305,3930,1.9675128,79
1397,3550,1.9657028,79
658,3576,1.9652045,79
652,2901,1.961427,79
3008,2562,1.9999276,80
3006,1692,1.9998906,80
2912,2637,1.9992113,80
2977,925,1.9982085,80
2952,3878,1.9978051,80
2688,3345,1.9964416,80
1477,392,1.9956467,80
2100,3924,1.9917829,80
2998,1138,1.9913157,80
1383,3464,1.9903374,80
2567,419,1.9998219,81
430,275,1.9997091,81
2250,3743,1.999304,81
2733,3392,1.9991639,81
2329,1854,1.998775,81
2732,2382,1.9987667,81
2315,2597,1.9985542,81
2321,473,1.9982142,81
2432,486,1.9980928,81
3013,1503,1.9979951,81
1961,3834,1.9997697,82
1187,976,1.9988588,82
2115,1943,1.9966426,82
2125,2180,1.9959667,82
2939,3792,1.9934511,82
3071,1928,1.9924479,82
2670,3368,1.9918256,82
2575,1008,1.9897782,82
3039,3311,1.98932,82
1539,2820,1.98732,82
2281,241,1.9999588,83
2935,840,1.9999447,83
3078,656,1.9995689,83
1780,3895,1.9995244,83
1637,181,1.9993904,83
2934,3669,1.9993715,83
2851,888,1.999258,83
2724,433,1.9991063,83
1630,2555,1.9991053,83
3005,64,1.9988508,83
2287,2768,1.9998199,84
3121,554,1.9976547,84
2663,3912,1.9974267,84
2298,3902,1.9964972,84
2251,3867,1.9947771,84
2474,1496,1.9932437,84
1964,3853,1.9930077,84
3058,2775,1.9899062,84
2982,962,1.9795876,84
1826,3934,1.9731765,84
971,1041,1.9994035,85
1894,306,1.9983397,85
1404,272,1.994209,85
241,2966,1.9862826,85
700,232,1.9796269,85
1376,307,1.9766533,85
170,3083,1.975657,85
1322,1280,1.9733669,85
1602,2357,1.9675047,85
207,994,1.9657776,85
2430,195,1.9995732,86
2369,3138,1.9984902,86
1342,1621,1.9984677,86
2189,4,1.9964554,86
2223,271,1.9944984,86
2324,2829,1.9937813,86
2776,1612,1.9914007,86
1332,3045,1.9903545,86
2896,270,1.9896914,86
2219,182,1.9896138,86
2753,2211,1.9998765,87
2862,2187,1.9994396,87
3023,3349,1.9989378,87
1731,2904,1.9987583,87
2548,1067,1.9980079,87
1449,3049,1.9979649,87
2754,2227,1.9977918,87
2868,2205,1.9975057,87
2614,974,1.9967059,87
2880,3309,1.9955527,87
231,597,1.9969877,88
984,440,1.9940057,88
65,3255,1.9894708,88
492,539,1.9811615,88
863,2671,1.9759799,88
233,1569,1.971275,88
1052,11,1.9582529,88
349,587,1.949214,88
605,500,1.9485192,88
412,339,1.9395138,88
1465,2176,1.9994274,89
1341,2349,1.9993417,89
1531,2729,1.997533,89
1080,1419,1.9909741,89
1921,1289,1.9840603,89
1088,2239,1.9822111,89
1236,3814,1.9784153,89
2074,2068,1.9728837,89
1075,154,1.9728525,89
1537,3613,1.9719093,89
1453,2359,1.9989362,90
557,3148,1.9914694,90
443,2336,1.9799831,90
45,1357,1.9611492,90
76,265,1.9574645,90
1046,1680,1.9489286,90
243,17,1.9434506,90
338,2324,1.9364774,90
159,509,1.9353181,90
309,1678,1.9267211,90
1661,1794,1.9994719,91
2030,299,1.998225,91
2366,1484,1.9958813,91
2083,523,1.9925901,91
1473,2725,1.990498,91
2005,2611,1.9879639,91
217,1897,1.9864454,91
1584,43,1.9837677,91
1094,2682,1.9832134,91
1340,3078,1.9828789,91
1234,2426,1.9998815,92
3030,1814,1.9995694,92
2786,638,1.9991218,92
2979,2998,1.999095,92
2257,767,1.9988756,92
2192,753,1.9986347,92
2193,685,1.9985335,92
2777,2837,1.9981958,92
2467,2388,1.9980228,92
3050,3817,1.9979849,92
1965,760,1.9996829,93
1981,2494,1.998216,93
3037,2441,1.9903576,93
1964,3853,1.9746809,93
2663,3912,1.9656483,93
2287,2768,1.9501162,93
3121,554,1.948062,93
2298,3902,1.9389074,93
2251,3867,1.9328792,93
2474,1496,1.928998,93
535,2111,1.9989274,94
1711,3040,1.996572,94
861,2301,1.9960164,94
981,1297,1.9631696,94
1056,2416,1.9507334,94
1053,2261,1.9459383,94
1126,3525,1.9429102,94
529,2109,1.941226,94
2037,2518,1.9395846,94
346,1257,1.9270788,94
628,2553,1.9991312,95
1000,2633,1.9956336,95
641,2660,1.9941707,95
665,2287,1.9907601,95
1311,1334,1.9834871,95
2279,2654,1.9816955,95
1343,3153,1.981092,95
1828,2346,1.9810276,95
537,3928,1.9791694,95
1445,3926,1.9781005,95
611,2389,1.999563,96
1814,273,1.999177,96
2510,2279,1.997709,96
2484,2793,1.9894395,96
2238,1431,1.9887985,96
1686,3826,1.985928,96
808,2195,1.9855736,96
2006,3275,1.9855162,96
2091,3177,1.9836355,96
2241,1866,1.9835503,96
2716,2056,1.9993756,97
1511,2079,1.9985857,97
2947,3602,1.9982762,97
2173,1926,1.9978659,97
2987,828,1.9974158,97
542,2049,1.9953047,97
2760,2179,1.9943807,97
1992,3585,1.9936607,97
1930,1932,1.9914001,97
2549,3414,1.9891016,97
1082,824,1.9997292,98
2308,495,1.9993615,98
2525,3338,1.998796,98
2475,3304,1.9971328,98
2915,3223,1.996979,98
2497,1123,1.9966552,98
2857,2727,1.9953594,98
2117,659,1.9949816,98
2121,669,1.994679,98
2293,2938,1.9936931,98
