group,name,created,best_val,best_epoch,last_epoch,val_at_grace4,n_logged
mf_ml-1m,mf_ml-1m_s38210573_6b980f0e,2026-04-14T23:39:31Z,0.44249,5,9,0.43686,11
mf_ml-1m,mf_ml-1m_s38210573_201b90b4,2026-04-14T23:39:15Z,0.16987,9,9,0.14783,11
mf_ml-1m,mf_ml-1m_s38210573_62af3b87,2026-04-14T23:18:16Z,0.44249,5,9,0.43686,11
mf_ml-1m,mf_ml-1m_s38210573_909d6c41,2026-04-14T23:18:01Z,0.16987,9,9,0.14783,11
mf_ml-1m,mf_ml-1m_s38210573_7b48bf9a,2026-04-14T22:48:02Z,0.10225,-1,-1,,1
mf_ml-1m,mf_ml-1m_s38210573_174befa1,2026-04-14T22:47:55Z,0.1006,-1,-1,,1
mf_ml-1m,mf_ml-1m_s38210573_63c05381,2026-04-14T22:47:47Z,0.10557,-1,-1,,1
mf_ml-1m,mf_ml-1m_s38210573_8e5fe122,2026-04-14T22:47:40Z,0.10656,-1,-1,,1
mf_ml-1m,mf_ml-1m_s38210573_6c5d538b,2026-04-14T22:47:34Z,0.1006,-1,-1,,1
mf_ml-1m,mf_ml-1m_s38210573_7dc7b369,2026-03-24T17:20:43Z,0.12894,10,20,0.11601,22
mf_ml-1m,mf_ml-1m_s38210573_41c4d486,2026-03-24T17:19:56Z,0.09993,14,24,0.09761,26
mf_ml-1m,mf_ml-1m_s38210573_2e470f3b,2026-03-24T17:15:03Z,0.39079,2,12,0,14
mf_ml-1m,mf_ml-1m_s38210573_df23bbf5,2026-03-24T17:13:09Z,0.4773,20,30,0.44763,32
mf_ml-1m,mf_ml-1m_s38210573_ee871579,2026-03-24T17:11:32Z,0.11468,19,29,0.10557,31
mf_ml-1m,mf_ml-1m_s38210573_5649d76b,2026-03-24T17:07:49Z,0.35018,0,10,0.1112,12
mf_ml-1m,mf_ml-1m_s38210573_48f53011,2026-03-24T17:05:14Z,0.14518,4,14,0.14518,16
mf_ml-1m,mf_ml-1m_s38210573_83eb57b8,2026-03-24T17:01:44Z,0.3762,1,11,0,13
mf_ml-1m,mf_ml-1m_s38210573_83538f2c,2026-03-24T16:59:39Z,0.43305,6,16,0.4289,18
mf_ml-1m,mf_ml-1m_s38210573_8428f9ae,2026-03-24T16:58:07Z,0.10143,-1,9,0.07309,11
mf_ml-1m,mf_ml-1m_s38210573_77b38683,2026-03-24T16:56:15Z,0.13523,6,16,0.12993,18
mf_ml-1m,mf_ml-1m_s38210573_e3ef6528,2026-03-24T16:55:03Z,0.11966,4,14,0.11966,16
mf_ml-1m,mf_ml-1m_s38210573_f0a243d8,2026-03-24T16:49:51Z,0.52287,17,27,0.45724,29
mf_ml-1m,mf_ml-1m_s38210573_2827bee9,2026-03-24T16:47:59Z,0.52519,27,37,0.51276,39
mf_ml-1m,mf_ml-1m_s38210573_871e876a,2026-03-24T16:46:49Z,0.10159,-1,9,0.05055,11
mf_ml-1m,mf_ml-1m_s38210573_52686558,2026-03-24T16:44:00Z,0.09877,-1,9,0.04773,11
mf_ml-1m,mf_ml-1m_s38210573_d86d8aaa,2026-03-24T16:40:25Z,0.43702,1,11,0.43305,13
mf_ml-1m,mf_ml-1m_s38210573_7d7d91e5,2026-03-24T16:38:46Z,0.5232,15,25,0.5126,27
mf_ml-1m,mf_ml-1m_s38210573_1fe14535,2026-03-24T16:37:43Z,0.43735,5,15,0.43139,17
mf_ml-1m,mf_ml-1m_s38210573_5b28afac,2026-03-24T16:30:36Z,0.40885,14,24,0.39476,26
mf_ml-1m,mf_ml-1m_s38210573_a93272a6,2026-03-24T16:29:40Z,0.27395,0,10,0.1175,12
mf_ml-1m,mf_ml-1m_s38210573_4b958fd1,2026-03-24T16:28:05Z,0.43918,24,34,0.4299,36
mf_ml-1m,mf_ml-1m_s38210573_5891462c,2026-03-24T16:23:10Z,0.47232,11,21,0.46039,23
mf_ml-1m,mf_ml-1m_s38210573_447ea64e,2026-03-24T16:19:08Z,0.49271,7,17,0.4874,19
mf_ml-1m,mf_ml-1m_s38210573_b1a0f0f3,2026-03-24T16:17:00Z,0.16009,2,12,0.15396,14
mf_ml-1m,mf_ml-1m_s38210573_92d401a0,2026-03-24T16:16:13Z,0.12446,7,17,0.11551,19
mf_ml-1m,mf_ml-1m_s38210573_d52ea45b,2026-03-24T16:14:31Z,0.49337,13,23,0.49238,25
mf_ml-1m,mf_ml-1m_s38210573_9b9d411f,2026-03-24T16:09:15Z,0.47713,4,14,0.47713,16
mf_ml-1m,mf_ml-1m_s38210573_2dc6b9ba,2026-03-24T16:06:16Z,0.51525,2,12,0.51061,14
mf_ml-1m,mf_ml-1m_s38210573_ea6a40f3,2026-03-24T16:05:34Z,0.50431,9,19,0.4995,21
mf_ml-1m,mf_ml-1m_s38210573_79c6ba19,2026-03-24T16:01:38Z,0.4405,7,17,0.43636,19
mf_ml-1m,mf_ml-1m_s38210573_f426fd95,2026-03-24T15:51:50Z,0.441,3,13,0.43818,15
mf_ml-1m,mf_ml-1m_s38210573_258f64d9,2026-03-24T15:46:56Z,0.46603,3,13,0.46487,15
mf_ml-1m,mf_ml-1m_s38210573_fc3c54e5,2026-03-24T15:43:04Z,0.52685,28,38,0.51591,40
mf_ml-1m,mf_ml-1m_s38210573_ca65fc4f,2026-03-24T15:37:35Z,0.46105,12,22,0.4521,24
mf_ml-1m,mf_ml-1m_s38210573_655196e2,2026-03-24T15:31:41Z,0.49867,15,25,0.49088,27
mf_ml-1m,mf_ml-1m_s38210573_8ebfa389,2026-03-24T15:29:49Z,0.10143,-1,9,0.07623,11
mf_ml-1m,mf_ml-1m_s38210573_95b9e0d1,2026-03-24T15:27:07Z,0.11071,-1,9,0.058,11
mf_ml-1m,mf_ml-1m_s38210573_19b62550,2026-03-24T15:26:15Z,0.43934,24,34,0.43006,36
mf_ml-1m,mf_ml-1m_s38210573_afff677c,2026-03-24T15:24:47Z,0.49851,25,35,0.48508,37
mf_ml-1m,mf_ml-1m_s38210573_9c5ee772,2026-03-24T15:19:08Z,0.48011,20,30,0.47116,32
mf_ml-1m,mf_ml-1m_s38210573_0447d10b,2026-03-24T15:18:11Z,0.3361,12,22,0.235,24
mf_ml-1m,mf_ml-1m_s38210573_a96af456,2026-03-24T15:09:35Z,0.34355,53,63,0.18959,65
mf_ml-1m,mf_ml-1m_s38210573_2041c3d1,2026-03-24T15:07:46Z,0.17153,0,10,0.06795,12
mf_ml-1m,mf_ml-1m_s38210573_79fb3e2c,2026-03-24T14:57:02Z,0.50563,7,17,0.4995,19
mf_ml-1m,mf_ml-1m_s38210573_df6a8b17,2026-03-24T14:53:19Z,0.19672,0,10,0.13474,12
mf_ml-1m,mf_ml-1m_s38210573_75ceb166,2026-03-24T14:52:43Z,0.10789,6,16,0.10491,18
mf_ml-1m,mf_ml-1m_s38210573_ea3f1f6d,2026-03-24T14:44:24Z,0.46702,9,19,0.45989,21
mf_ml-1m,mf_ml-1m_s38210573_01644a35,2026-03-24T14:37:35Z,0.09828,-1,9,0.03281,11
mf_ml-1m,mf_ml-1m_s38210573_032d5664,2026-03-24T14:33:53Z,0.10391,0,10,0,12
mf_ml-1m,mf_ml-1m_s38210573_7364a8ce,2026-03-24T14:31:23Z,0.4942,21,31,0.4816,33
mf_ml-1m,mf_ml-1m_s38210573_df632c4e,2026-03-24T14:26:01Z,0.44498,7,17,0.43487,19
mf_ml-1m,mf_ml-1m_s38210573_bca457a7,2026-03-24T14:18:25Z,0.15496,90,99,0.11203,101
mf_ml-1m,mf_ml-1m_s38210573_6184c51f,2026-03-24T14:16:56Z,0.45476,21,31,0.13291,33
mf_ml-1m,mf_ml-1m_s38210573_96298f02,2026-03-24T14:16:23Z,0.10706,2,12,0.10176,14
mf_ml-1m,mf_ml-1m_s38210573_1f299022,2026-03-24T14:06:28Z,0.39725,2,12,0.31637,14
mf_ml-1m,mf_ml-1m_s38210573_0630ce20,2026-03-24T14:05:46Z,0.12048,81,91,0.10325,93
mf_ml-1m,mf_ml-1m_s38210573_95f83306,2026-03-24T14:03:28Z,0.44233,4,14,0.44233,16
mf_ml-1m,mf_ml-1m_s38210573_60c71579,2026-03-24T14:01:27Z,0.21213,95,99,0.12778,101
mf_ml-1m,mf_ml-1m_s38210573_4ad4295a,2026-03-24T13:59:39Z,0.1054,9,19,0.10176,21
mf_ml-1m,mf_ml-1m_s38210573_f44dd8bb,2026-03-24T13:54:13Z,0.49022,3,13,0.44498,15
mf_ml-1m,mf_ml-1m_s38210573_41a3bcdc,2026-03-24T13:52:04Z,0.10259,-1,9,0,11
mf_ml-1m,mf_ml-1m_s38210573_dc49d028,2026-03-24T13:50:55Z,0.1944,15,25,0.18263,27
mf_ml-1m,mf_ml-1m_s38210573_fc2a9b33,2026-03-24T13:49:26Z,0.24577,99,99,0.11783,101
mf_ml-1m,mf_ml-1m_s38210573_e519af1c,2026-03-24T13:47:26Z,0.235,92,99,0.14054,101
mf_ml-1m,mf_ml-1m_s38210573_bb9abb7e,2026-03-24T13:46:42Z,0.16225,5,15,0.15429,17
mf_ml-1m,mf_ml-1m_s38210573_7b6d6fc8,2026-03-24T13:45:54Z,0.37521,14,24,0.21346,26
mf_ml-1m,mf_ml-1m_s38210573_bf474600,2026-03-24T13:31:14Z,0.34223,14,24,0.33063,26
mf_ml-1m,mf_ml-1m_s38210573_bc23ce06,2026-03-24T13:28:28Z,0.34604,0,10,0,12
mf_ml-1m,mf_ml-1m_s38210573_d8c77142,2026-03-24T13:28:02Z,0.43537,22,32,0.4183,34
mf_ml-1m,mf_ml-1m_s38210573_1ed2e9c9,2026-03-24T13:27:50Z,0.20931,3,13,0.19307,15
mf_ml-1m,mf_ml-1m_s38210573_5a18a998,2026-03-24T13:26:57Z,0.18578,2,12,0.16854,14
mf_ml-1m,mf_ml-1m_s38210573_d5b8b28b,2026-03-24T13:25:09Z,0.48774,5,15,0.43901,17
mf_ml-1m,mf_ml-1m_s38210573_219ba276,2026-03-24T13:22:56Z,0.4473,5,15,0.28538,17
mf_ml-1m,mf_ml-1m_s38210573_64497f6d,2026-03-24T13:17:15Z,0.18097,96,99,0.11932,101
mf_ml-1m,mf_ml-1m_s38210573_4253aa12,2026-03-24T13:16:19Z,0.10756,1,11,0.10424,13
mf_ml-1m,mf_ml-1m_s38210573_518ec7a6,2026-03-24T13:14:42Z,0.11435,14,24,0.1112,26
mf_ml-1m,mf_ml-1m_s38210573_135fb9a7,2026-03-24T13:14:32Z,0.1349,1,11,0,13
mf_ml-1m,mf_ml-1m_s38210573_7a2746a0,2026-03-24T13:10:33Z,0.10043,-1,9,0,11
mf_ml-1m,mf_ml-1m_s38210573_f019e7e3,2026-03-24T13:06:36Z,0.16076,97,99,0.11916,101
mf_ml-1m,mf_ml-1m_s38210573_0d5e14a8,2026-03-24T13:03:54Z,0.14717,10,20,0.14203,22
mf_ml-1m,mf_ml-1m_s38210573_4780ca81,2026-03-24T13:02:41Z,0.10772,0,10,0.10607,12
mf_ml-1m,mf_ml-1m_s38210573_d1cc207b,2026-03-24T13:02:17Z,0.45791,59,69,0.176,71
mf_ml-1m,mf_ml-1m_s38210573_9d25eb36,2026-03-24T12:47:31Z,0.21329,0,10,0.03961,12
mf_ml-1m,mf_ml-1m_s38210573_5f1e9fcf,2026-03-24T12:47:24Z,0.38316,5,15,0.28472,17
mf_ml-1m,mf_ml-1m_s38210573_6e5ff7df,2026-03-24T12:47:17Z,0.18412,14,24,0.17584,26
mf_ml-1m,mf_ml-1m_s38210573_dd58ea8f,2026-03-24T12:47:12Z,0.10805,0,10,0,12
mf_ml-1m,mf_ml-1m_s38210573_597c5dca,2026-03-24T12:47:07Z,0.10888,14,24,0.09894,26
mf_ml-1m,mf_ml-1m_s38210573_18c24f1e,2026-03-24T12:47:02Z,0.10623,17,27,0.09761,29
mf_ml-1m,mf_ml-1m_s38210573_057bb32c,2026-03-24T12:46:57Z,0.26715,96,99,0.14634,101
mf_ml-1m,mf_ml-1m_s38210573_84620766,2026-03-24T12:46:53Z,0.10457,1,11,0,13
mf_ml-1m,mf_ml-1m_s38210573_0539414b,2026-03-24T12:46:49Z,0.10524,29,39,0.1006,41
mf_ml-1m,mf_ml-1m_s38210573_87d65c90,2026-03-24T12:46:45Z,0.14352,3,13,0.12778,15
mf_ml-1m,mf_ml-1m_s38210573_16b23665,2026-03-24T12:46:41Z,0.10457,9,19,0.09977,21
mf_ml-1m,mf_ml-1m_s38210573_397d60be,2026-03-24T12:46:38Z,0.43984,2,12,0.43106,14
mf_ml-1m,mf_ml-1m_s38210573_6feb4c7d,2026-03-24T12:46:35Z,0.10043,-1,9,0,11
mf_ml-1m,mf_ml-1m_s38210573_bbb33de9,2026-03-24T12:46:32Z,0.43852,94,99,0.14799,101
mf_ml-1m,mf_ml-1m_s38210573_792f4b6d,2026-03-24T12:46:29Z,0.18031,36,46,0.14203,48
mf_ml-1m,mf_ml-1m_s38210573_52e6e1f2,2026-03-24T12:46:26Z,0.11899,9,19,0.11087,21
acf_ml-1m,acf_ml-1m_s38210573_e807b0a1,2026-03-25T04:50:36Z,0.44249,20,30,0.42625,32
acf_ml-1m,acf_ml-1m_s38210573_24e3559a,2026-03-25T04:36:32Z,0.55204,99,99,0.39095,101
acf_ml-1m,acf_ml-1m_s38210573_4527cf45,2026-03-25T04:35:28Z,0.13308,2,12,0.12595,14
acf_ml-1m,acf_ml-1m_s38210573_8f8bcacb,2026-03-25T04:31:59Z,0.54342,33,43,0.4773,45
acf_ml-1m,acf_ml-1m_s38210573_e8668e55,2026-03-25T04:30:50Z,0.19307,99,99,0.09811,101
acf_ml-1m,acf_ml-1m_s38210573_da161fdb,2026-03-25T04:29:26Z,0.39625,13,23,0.3888,25
acf_ml-1m,acf_ml-1m_s38210573_0e3a6dd4,2026-03-25T04:21:20Z,0.61734,72,82,0.47149,84
acf_ml-1m,acf_ml-1m_s38210573_af5de533,2026-03-25T04:19:56Z,0.29798,20,30,0.28588,32
acf_ml-1m,acf_ml-1m_s38210573_556f7bbb,2026-03-25T04:06:00Z,0.09778,-1,9,0,11
acf_ml-1m,acf_ml-1m_s38210573_fb129636,2026-03-25T04:04:42Z,0.10259,18,28,0.09065,30
acf_ml-1m,acf_ml-1m_s38210573_6948b5f1,2026-03-25T04:03:40Z,0.51939,59,69,0.42575,71
acf_ml-1m,acf_ml-1m_s38210573_7b9c8380,2026-03-25T04:02:06Z,0.56115,97,99,0.44796,101
acf_ml-1m,acf_ml-1m_s38210573_d60e4d24,2026-03-25T03:51:20Z,0.56961,61,71,0.43769,73
acf_ml-1m,acf_ml-1m_s38210573_eac9b487,2026-03-25T03:48:35Z,0.10126,9,19,0.09463,21
acf_ml-1m,acf_ml-1m_s38210573_874e0a3e,2026-03-25T03:38:09Z,0.58137,94,99,0.40255,101
acf_ml-1m,acf_ml-1m_s38210573_5be0c145,2026-03-25T03:36:45Z,0.47,19,29,0.43073,31
acf_ml-1m,acf_ml-1m_s38210573_e410845f,2026-03-25T03:28:46Z,0.47415,5,15,0.471,17
acf_ml-1m,acf_ml-1m_s38210573_8e6ef59f,2026-03-25T03:11:46Z,0.44001,22,32,0.42161,34
acf_ml-1m,acf_ml-1m_s38210573_1d6ce801,2026-03-25T03:06:18Z,0.43769,9,19,0.4236,21
acf_ml-1m,acf_ml-1m_s38210573_7ab69987,2026-03-25T03:01:28Z,0.17849,6,16,0.16738,18
acf_ml-1m,acf_ml-1m_s38210573_2a87f55a,2026-03-25T02:44:50Z,0.22904,99,99,0.10507,101
acf_ml-1m,acf_ml-1m_s38210573_49a9346f,2026-03-25T02:43:54Z,0.54839,37,47,0.50829,49
acf_ml-1m,acf_ml-1m_s38210573_c64184ac,2026-03-25T02:34:09Z,0.57905,26,36,0.54011,38
acf_ml-1m,acf_ml-1m_s38210573_c54b4a59,2026-03-25T02:28:16Z,0.58369,75,85,0.44067,87
acf_ml-1m,acf_ml-1m_s38210573_28594811,2026-03-25T02:22:15Z,0.60308,48,58,0.48276,60
acf_ml-1m,acf_ml-1m_s38210573_b9921a51,2026-03-25T01:51:48Z,0.43404,3,13,0.42111,15
acf_ml-1m,acf_ml-1m_s38210573_5968b652,2026-03-25T01:44:48Z,0.53961,58,68,0.43852,70
acf_ml-1m,acf_ml-1m_s38210573_da8c76cc,2026-03-25T01:41:59Z,0.53961,47,57,0.44349,59
acf_ml-1m,acf_ml-1m_s38210573_dc11e15d,2026-03-25T01:40:40Z,0.55237,34,44,0.41432,46
acf_ml-1m,acf_ml-1m_s38210573_7e0aaadc,2026-03-25T01:38:27Z,0.52453,24,34,0.49304,36
acf_ml-1m,acf_ml-1m_s38210573_c36d0a62,2026-03-25T01:37:05Z,0.42029,87,97,0.09695,99
acf_ml-1m,acf_ml-1m_s38210573_a6b56184,2026-03-25T01:28:23Z,0.35085,14,24,0.29234,26
acf_ml-1m,acf_ml-1m_s38210573_bf96f253,2026-03-25T01:24:51Z,0.51956,95,99,0.36676,101
acf_ml-1m,acf_ml-1m_s38210573_42c42931,2026-03-25T01:20:33Z,0.57839,19,29,0.54044,31
acf_ml-1m,acf_ml-1m_s38210573_6b59deef,2026-03-25T01:18:52Z,0.60491,46,56,0.55552,58
acf_ml-1m,acf_ml-1m_s38210573_1872a99b,2026-03-25T01:15:48Z,0.61203,28,38,0.5532,40
acf_ml-1m,acf_ml-1m_s38210573_8a1c6cbc,2026-03-25T01:12:37Z,0.14236,5,15,0.13905,17
acf_ml-1m,acf_ml-1m_s38210573_20f592d3,2026-03-25T01:11:49Z,0.4347,5,15,0.42542,17
acf_ml-1m,acf_ml-1m_s38210573_6dd9d800,2026-03-25T00:46:55Z,0.13905,8,18,0.12131,20
acf_ml-1m,acf_ml-1m_s38210573_3da85642,2026-03-25T00:46:33Z,0.40587,3,13,0.39791,15
acf_ml-1m,acf_ml-1m_s38210573_38c0768a,2026-03-25T00:39:49Z,0.14236,0,10,0.13258,12
acf_ml-1m,acf_ml-1m_s38210573_620d7812,2026-03-25T00:36:22Z,0.4478,11,21,0.43719,23
acf_ml-1m,acf_ml-1m_s38210573_1c7574ce,2026-03-25T00:29:37Z,0.28041,4,14,0.28041,16
acf_ml-1m,acf_ml-1m_s38210573_52cb88d7,2026-03-25T00:21:36Z,0.53762,95,99,0.4062,101
acf_ml-1m,acf_ml-1m_s38210573_48f91bc3,2026-03-25T00:11:44Z,0.15247,8,18,0.11319,20
acf_ml-1m,acf_ml-1m_s38210573_a95e0cee,2026-03-25T00:05:24Z,0.51657,74,84,0.26152,86
acf_ml-1m,acf_ml-1m_s38210573_22710d30,2026-03-25T00:04:25Z,0.14617,0,10,0.11518,12
acf_ml-1m,acf_ml-1m_s38210573_06a188d6,2026-03-25T00:02:34Z,0.62943,42,52,0.50663,54
acf_ml-1m,acf_ml-1m_s38210573_70117272,2026-03-24T23:58:05Z,0.47663,41,51,0.28621,53
acf_ml-1m,acf_ml-1m_s38210573_2546f8bd,2026-03-24T23:55:40Z,0.60921,24,34,0.55933,36
acf_ml-1m,acf_ml-1m_s38210573_e94345ec,2026-03-24T23:53:07Z,0.10308,-1,9,0.09794,11
acf_ml-1m,acf_ml-1m_s38210573_8bbb671e,2026-03-24T23:38:30Z,0.38333,22,32,0.3709,34
acf_ml-1m,acf_ml-1m_s38210573_58c4cf5b,2026-03-24T23:34:24Z,0.3757,11,21,0.31671,23
acf_ml-1m,acf_ml-1m_s38210573_38dab5ac,2026-03-24T23:34:00Z,0.44299,0,10,0.4294,12
acf_ml-1m,acf_ml-1m_s38210573_fce38d29,2026-03-24T23:32:27Z,0.33295,25,35,0.18943,37
acf_ml-1m,acf_ml-1m_s38210573_12847dac,2026-03-24T23:24:34Z,0.20782,2,12,0.20418,14
acf_ml-1m,acf_ml-1m_s38210573_eaba8995,2026-03-24T23:19:19Z,0.21246,6,16,0.20103,18
acf_ml-1m,acf_ml-1m_s38210573_acbb987e,2026-03-24T23:15:30Z,0.17418,17,27,0.1286,29
acf_ml-1m,acf_ml-1m_s38210573_c2690aab,2026-03-24T23:12:08Z,0.31422,98,99,0.13208,101
acf_ml-1m,acf_ml-1m_s38210573_bd12d778,2026-03-24T23:11:30Z,0.14998,98,99,0.09695,101
acf_ml-1m,acf_ml-1m_s38210573_6abced09,2026-03-24T23:03:11Z,0.18114,17,27,0.17899,29
acf_ml-1m,acf_ml-1m_s38210573_89dd8fa8,2026-03-24T22:58:36Z,0.11949,14,24,0.10689,26
acf_ml-1m,acf_ml-1m_s38210573_6ef6d43a,2026-03-24T22:57:54Z,0.37007,71,81,0.27726,83
acf_ml-1m,acf_ml-1m_s38210573_0f0a3a59,2026-03-24T22:55:44Z,0.38747,48,58,0.31472,60
acf_ml-1m,acf_ml-1m_s38210573_49fefa49,2026-03-24T22:52:16Z,0.18379,21,31,0.15363,33
acf_ml-1m,acf_ml-1m_s38210573_b8a80c01,2026-03-24T22:42:34Z,0.12446,1,11,0.11982,13
acf_ml-1m,acf_ml-1m_s38210573_5bf3f296,2026-03-24T22:33:54Z,0.48011,21,31,0.43354,33
acf_ml-1m,acf_ml-1m_s38210573_ef4e2997,2026-03-24T22:32:14Z,0.41598,39,49,0.18694,51
acf_ml-1m,acf_ml-1m_s38210573_79ed0dcd,2026-03-24T22:31:50Z,0.11104,4,14,0.11104,16
acf_ml-1m,acf_ml-1m_s38210573_8c7bc71f,2026-03-24T22:23:51Z,0.20865,1,11,0.20235,13
acf_ml-1m,acf_ml-1m_s38210573_3d837ec4,2026-03-24T22:20:59Z,0.44249,11,21,0.4352,23
acf_ml-1m,acf_ml-1m_s38210573_cb8e0af3,2026-03-24T22:16:55Z,0.17965,1,11,0.16589,13
acf_ml-1m,acf_ml-1m_s38210573_4f46eb61,2026-03-24T22:15:45Z,0.49983,52,62,0.28886,64
acf_ml-1m,acf_ml-1m_s38210573_f227afc0,2026-03-24T22:06:27Z,0.15131,0,10,0.14501,12
acf_ml-1m,acf_ml-1m_s38210573_7e98caec,2026-03-24T22:03:16Z,0.11651,2,12,0.11104,14
acf_ml-1m,acf_ml-1m_s38210573_37e07a76,2026-03-24T21:56:29Z,0.13573,2,12,0.12993,14
acf_ml-1m,acf_ml-1m_s38210573_7aafa4e4,2026-03-24T21:55:35Z,0.11767,19,29,0.10805,31
acf_ml-1m,acf_ml-1m_s38210573_75c87325,2026-03-24T21:53:18Z,0.10441,17,27,0.09811,29
acf_ml-1m,acf_ml-1m_s38210573_7136bc0b,2026-03-24T21:52:46Z,0.11634,37,47,0.10209,49
acf_ml-1m,acf_ml-1m_s38210573_9170c9b1,2026-03-24T21:45:51Z,0.10076,9,19,0.0948,21
acf_ml-1m,acf_ml-1m_s38210573_a54b5fe5,2026-03-24T21:33:37Z,0.10275,4,14,0.10275,16
acf_ml-1m,acf_ml-1m_s38210573_5a229e61,2026-03-24T21:28:04Z,0.1228,9,19,0.11949,21
acf_ml-1m,acf_ml-1m_s38210573_b068c568,2026-03-24T21:25:20Z,0.09877,8,18,0.09082,20
acf_ml-1m,acf_ml-1m_s38210573_8a6c2337,2026-03-24T21:23:44Z,0.10341,1,11,0.10027,13
acf_ml-1m,acf_ml-1m_s38210573_e8d07c0f,2026-03-24T21:07:31Z,0.14402,13,23,0.13242,25
acf_ml-1m,acf_ml-1m_s38210573_897dbbeb,2026-03-24T21:07:19Z,0.3767,48,58,0.10325,60
acf_ml-1m,acf_ml-1m_s38210573_f61d8620,2026-03-24T21:07:13Z,0.11104,0,10,0,12
acf_ml-1m,acf_ml-1m_s38210573_22ee1d49,2026-03-24T21:07:07Z,0.13192,3,13,0.12827,15
acf_ml-1m,acf_ml-1m_s38210573_457772ba,2026-03-24T21:07:03Z,0.22754,28,38,0.15363,40
acf_ml-1m,acf_ml-1m_s38210573_c60ae356,2026-03-24T21:06:58Z,0.09761,16,26,0.09297,28
acf_ml-1m,acf_ml-1m_s38210573_3c40dab4,2026-03-24T21:06:53Z,0.2524,93,99,0.11783,101
acf_ml-1m,acf_ml-1m_s38210573_a1c946f6,2026-03-24T21:06:49Z,0.12728,12,22,0.11932,24
acf_ml-1m,acf_ml-1m_s38210573_903f36ee,2026-03-24T21:06:45Z,0.10756,-1,9,0.10259,11
acf_ml-1m,acf_ml-1m_s38210573_984ca188,2026-03-24T21:06:41Z,0.36593,46,56,0.09413,58
acf_ml-1m,acf_ml-1m_s38210573_33c816c4,2026-03-24T21:06:37Z,0.09446,-1,9,0.08883,11
acf_ml-1m,acf_ml-1m_s38210573_2c14553e,2026-03-24T21:06:34Z,0.10855,24,34,0.10573,36
acf_ml-1m,acf_ml-1m_s38210573_751ca688,2026-03-24T21:06:31Z,0.43437,11,21,0.40139,23
acf_ml-1m,acf_ml-1m_s38210573_1a9d2db8,2026-03-24T21:06:27Z,0.15363,69,79,0.11651,81
acf_ml-1m,acf_ml-1m_s38210573_48904099,2026-03-24T21:06:24Z,0.31422,96,99,0.12612,101
acf_ml-1m,acf_ml-1m_s38210573_0af98967,2026-03-24T21:06:22Z,0.51889,33,43,0.46072,45
user_proto_ml-1m,user_proto_ml-1m_s38210573_862771fb,2026-03-26T00:41:18Z,0.40636,8,18,0.3936,20
user_proto_ml-1m,user_proto_ml-1m_s38210573_0955338a,2026-03-26T00:28:37Z,0.55022,15,25,0.53646,27
user_proto_ml-1m,user_proto_ml-1m_s38210573_7efeaabb,2026-03-25T23:44:42Z,0.50215,43,53,0.36874,55
user_proto_ml-1m,user_proto_ml-1m_s38210573_b2b5697c,2026-03-25T23:39:01Z,0.60242,24,34,0.50928,36
user_proto_ml-1m,user_proto_ml-1m_s38210573_839f106c,2026-03-25T23:26:09Z,0.59612,35,45,0.3815,47
user_proto_ml-1m,user_proto_ml-1m_s38210573_a329f08a,2026-03-25T23:05:51Z,0.53099,48,58,0.49983,60
user_proto_ml-1m,user_proto_ml-1m_s38210573_656159cc,2026-03-25T23:01:14Z,0.58949,57,67,0.3757,69
user_proto_ml-1m,user_proto_ml-1m_s38210573_fb277ff5,2026-03-25T22:46:48Z,0.31223,22,32,0.27909,34
user_proto_ml-1m,user_proto_ml-1m_s38210573_2b98af21,2026-03-25T22:29:41Z,0.0996,-1,9,0.09115,11
user_proto_ml-1m,user_proto_ml-1m_s38210573_d7ac5095,2026-03-25T22:25:50Z,0.54309,20,30,0.47995,32
user_proto_ml-1m,user_proto_ml-1m_s38210573_1481bada,2026-03-25T22:10:50Z,0.62098,66,76,0.47895,78
user_proto_ml-1m,user_proto_ml-1m_s38210573_03226aeb,2026-03-25T21:45:55Z,0.57623,94,99,0.34024,101
user_proto_ml-1m,user_proto_ml-1m_s38210573_7dfc01ac,2026-03-25T21:40:31Z,0.20036,15,25,0.19473,27
user_proto_ml-1m,user_proto_ml-1m_s38210573_2dddc07c,2026-03-25T21:37:35Z,0.63126,59,69,0.55486,71
user_proto_ml-1m,user_proto_ml-1m_s38210573_19b3c73c,2026-03-25T21:34:09Z,0.57623,51,61,0.52536,63
user_proto_ml-1m,user_proto_ml-1m_s38210573_7cda0112,2026-03-25T21:14:43Z,0.59529,48,58,0.40322,60
user_proto_ml-1m,user_proto_ml-1m_s38210573_921d0a33,2026-03-25T21:06:07Z,0.60789,58,68,0.42774,70
user_proto_ml-1m,user_proto_ml-1m_s38210573_b9ccc295,2026-03-25T20:46:29Z,0.5885,22,32,0.42824,34
user_proto_ml-1m,user_proto_ml-1m_s38210573_595a5c5b,2026-03-25T20:43:09Z,0.59911,56,66,0.37057,68
user_proto_ml-1m,user_proto_ml-1m_s38210573_a62a6db7,2026-03-25T20:30:06Z,0.5822,31,41,0.52602,43
user_proto_ml-1m,user_proto_ml-1m_s38210573_8a2b6e64,2026-03-25T20:22:09Z,0.56032,38,48,0.44614,50
user_proto_ml-1m,user_proto_ml-1m_s38210573_6d4da682,2026-03-25T20:02:58Z,0.44945,9,19,0.43653,21
user_proto_ml-1m,user_proto_ml-1m_s38210573_eef60734,2026-03-25T19:59:44Z,0.58088,67,77,0.32797,79
user_proto_ml-1m,user_proto_ml-1m_s38210573_52f7340a,2026-03-25T19:43:55Z,0.60259,22,32,0.54359,34
user_proto_ml-1m,user_proto_ml-1m_s38210573_d48d3e38,2026-03-25T19:37:14Z,0.59413,30,40,0.54657,42
user_proto_ml-1m,user_proto_ml-1m_s38210573_2efaeb91,2026-03-25T19:19:21Z,0.59761,34,44,0.39758,46
user_proto_ml-1m,user_proto_ml-1m_s38210573_de4ab068,2026-03-25T19:07:35Z,0.25389,98,99,0.18263,101
user_proto_ml-1m,user_proto_ml-1m_s38210573_6bc88b78,2026-03-25T19:05:01Z,0.41979,94,99,0.19142,101
user_proto_ml-1m,user_proto_ml-1m_s38210573_7c958108,2026-03-25T18:54:47Z,0.46453,16,26,0.43835,28
user_proto_ml-1m,user_proto_ml-1m_s38210573_34987d41,2026-03-25T18:51:23Z,0.10474,-1,9,0.05336,11
user_proto_ml-1m,user_proto_ml-1m_s38210573_005d2b46,2026-03-25T18:46:20Z,0.50265,99,99,0.23666,101
user_proto_ml-1m,user_proto_ml-1m_s38210573_332b563e,2026-03-25T18:43:49Z,0.39095,2,12,0.37421,14
user_proto_ml-1m,user_proto_ml-1m_s38210573_1c5c8b0f,2026-03-25T18:27:22Z,0.59065,48,58,0.3177,60
user_proto_ml-1m,user_proto_ml-1m_s38210573_5ff0ec87,2026-03-25T18:26:04Z,0.41415,55,65,0.26168,67
user_proto_ml-1m,user_proto_ml-1m_s38210573_d50c0cfc,2026-03-25T18:23:36Z,0.44448,4,14,0.44448,16
user_proto_ml-1m,user_proto_ml-1m_s38210573_30726377,2026-03-25T18:04:05Z,0.5532,31,41,0.52801,43
user_proto_ml-1m,user_proto_ml-1m_s38210573_37011cdf,2026-03-25T18:00:40Z,0.45244,16,26,0.43056,28
user_proto_ml-1m,user_proto_ml-1m_s38210573_a1ed63a1,2026-03-25T17:58:03Z,0.54872,21,31,0.51558,33
user_proto_ml-1m,user_proto_ml-1m_s38210573_abc1148f,2026-03-25T17:54:31Z,0.45293,17,27,0.43437,29
user_proto_ml-1m,user_proto_ml-1m_s38210573_8c8e617e,2026-03-25T17:47:56Z,0.45094,53,63,0.41763,65
user_proto_ml-1m,user_proto_ml-1m_s38210573_04af56ea,2026-03-25T17:46:49Z,0.35499,0,10,0.34902,12
user_proto_ml-1m,user_proto_ml-1m_s38210573_8b5c6571,2026-03-25T17:45:15Z,0.15993,98,99,0.10408,101
user_proto_ml-1m,user_proto_ml-1m_s38210573_8e647d91,2026-03-25T17:24:14Z,0.49934,11,21,0.45161,23
user_proto_ml-1m,user_proto_ml-1m_s38210573_d378ea31,2026-03-25T17:20:42Z,0.56679,14,24,0.5411,26
user_proto_ml-1m,user_proto_ml-1m_s38210573_e209ebda,2026-03-25T17:16:27Z,0.57773,16,26,0.5522,28
user_proto_ml-1m,user_proto_ml-1m_s38210573_6ae65dfd,2026-03-25T17:12:24Z,0.54723,16,26,0.52784,28
user_proto_ml-1m,user_proto_ml-1m_s38210573_a4a02851,2026-03-25T17:03:12Z,0.41366,32,42,0.39526,44
user_proto_ml-1m,user_proto_ml-1m_s38210573_68e5ebef,2026-03-25T16:48:16Z,0.43636,16,26,0.42708,28
user_proto_ml-1m,user_proto_ml-1m_s38210573_08ebe9ef,2026-03-25T16:33:32Z,0.42708,37,47,0.40007,49
user_proto_ml-1m,user_proto_ml-1m_s38210573_db48d408,2026-03-25T16:25:12Z,0.5769,16,26,0.55817,28
user_proto_ml-1m,user_proto_ml-1m_s38210573_ae928bb8,2026-03-25T16:23:29Z,0.45492,36,46,0.44862,48
user_proto_ml-1m,user_proto_ml-1m_s38210573_fd35708b,2026-03-25T16:14:24Z,0.57491,97,99,0.4647,101
user_proto_ml-1m,user_proto_ml-1m_s38210573_2f13760d,2026-03-25T16:01:08Z,0.44614,99,99,0.15413,101
user_proto_ml-1m,user_proto_ml-1m_s38210573_e82726c2,2026-03-25T15:47:06Z,0.57507,49,59,0.51806,61
user_proto_ml-1m,user_proto_ml-1m_s38210573_e8ffd408,2026-03-25T15:45:18Z,0.59496,99,99,0.28041,101
user_proto_ml-1m,user_proto_ml-1m_s38210573_c24e3320,2026-03-25T15:36:35Z,0.53149,23,33,0.49652,35
user_proto_ml-1m,user_proto_ml-1m_s38210573_0f7a15e6,2026-03-25T15:33:13Z,0.55154,43,53,0.50679,55
user_proto_ml-1m,user_proto_ml-1m_s38210573_c562cb6e,2026-03-25T15:15:16Z,0.45923,50,60,0.42095,62
user_proto_ml-1m,user_proto_ml-1m_s38210573_e1f436ea,2026-03-25T15:03:28Z,0.49834,30,40,0.49105,42
user_proto_ml-1m,user_proto_ml-1m_s38210573_ae73f889,2026-03-25T14:58:14Z,0.61717,47,57,0.57209,59
user_proto_ml-1m,user_proto_ml-1m_s38210573_f8548a7e,2026-03-25T14:55:34Z,0.53083,99,99,0.41995,101
user_proto_ml-1m,user_proto_ml-1m_s38210573_c090a129,2026-03-25T14:52:58Z,0.57358,38,48,0.43951,50
user_proto_ml-1m,user_proto_ml-1m_s38210573_75c2e29c,2026-03-25T14:40:45Z,0.48177,20,30,0.47033,32
user_proto_ml-1m,user_proto_ml-1m_s38210573_e5dc15ec,2026-03-25T14:33:39Z,0.58005,44,54,0.45741,56
user_proto_ml-1m,user_proto_ml-1m_s38210573_1185a10a,2026-03-25T14:14:51Z,0.52005,6,16,0.5053,18
user_proto_ml-1m,user_proto_ml-1m_s38210573_697379fe,2026-03-25T14:04:08Z,0.55353,32,42,0.51028,44
user_proto_ml-1m,user_proto_ml-1m_s38210573_da841ac5,2026-03-25T13:59:17Z,0.54077,27,37,0.51044,39
user_proto_ml-1m,user_proto_ml-1m_s38210573_b11a6f06,2026-03-25T13:49:48Z,0.55883,40,50,0.52038,52
user_proto_ml-1m,user_proto_ml-1m_s38210573_3a5a438e,2026-03-25T13:40:54Z,0.46404,36,46,0.40587,48
user_proto_ml-1m,user_proto_ml-1m_s38210573_37b320a1,2026-03-25T13:34:29Z,0.57292,26,36,0.43835,38
user_proto_ml-1m,user_proto_ml-1m_s38210573_e0360dfc,2026-03-25T13:32:11Z,0.45293,20,30,0.4478,32
user_proto_ml-1m,user_proto_ml-1m_s38210573_373af7a0,2026-03-25T13:22:27Z,0.26632,99,99,0.13755,101
user_proto_ml-1m,user_proto_ml-1m_s38210573_e62c810a,2026-03-25T13:15:41Z,0.38946,6,16,0.37918,18
user_proto_ml-1m,user_proto_ml-1m_s38210573_6b7ca7b5,2026-03-25T13:15:08Z,0.38034,93,99,0.11651,101
user_proto_ml-1m,user_proto_ml-1m_s38210573_f4e35b91,2026-03-25T12:58:09Z,0.60109,88,98,0.32615,100
user_proto_ml-1m,user_proto_ml-1m_s38210573_1967e978,2026-03-25T12:51:21Z,0.45691,6,16,0.45326,18
user_proto_ml-1m,user_proto_ml-1m_s38210573_d4ce08f6,2026-03-25T12:37:06Z,0.56298,24,34,0.37173,36
user_proto_ml-1m,user_proto_ml-1m_s38210573_a8786e8a,2026-03-25T12:33:22Z,0.24229,18,28,0.22522,30
user_proto_ml-1m,user_proto_ml-1m_s38210573_840cb094,2026-03-25T12:20:35Z,0.44962,19,29,0.43968,31
user_proto_ml-1m,user_proto_ml-1m_s38210573_05d3ddfa,2026-03-25T12:19:54Z,0.33212,10,20,0.30726,22
user_proto_ml-1m,user_proto_ml-1m_s38210573_c8c5d730,2026-03-25T12:11:34Z,0.13043,44,54,0.10656,56
user_proto_ml-1m,user_proto_ml-1m_s38210573_402dd176,2026-03-25T12:02:37Z,0.44614,65,75,0.38581,77
user_proto_ml-1m,user_proto_ml-1m_s38210573_8c8ae21a,2026-03-25T11:52:06Z,0.42294,6,16,0.4057,18
user_proto_ml-1m,user_proto_ml-1m_s38210573_2a95d3f8,2026-03-25T11:36:16Z,0.09861,-1,9,0.09281,11
user_proto_ml-1m,user_proto_ml-1m_s38210573_5a54e0d6,2026-03-25T11:36:12Z,0.441,4,14,0.441,16
user_proto_ml-1m,user_proto_ml-1m_s38210573_f9d81d67,2026-03-25T11:36:09Z,0.38896,99,99,0.10043,101
user_proto_ml-1m,user_proto_ml-1m_s38210573_5f4ed1b2,2026-03-25T11:36:06Z,0.59446,30,40,0.56231,42
user_proto_ml-1m,user_proto_ml-1m_s38210573_55981872,2026-03-25T11:36:02Z,0.48674,26,36,0.4405,38
user_proto_ml-1m,user_proto_ml-1m_s38210573_d583bfd5,2026-03-25T11:35:59Z,0.44481,49,59,0.40819,61
user_proto_ml-1m,user_proto_ml-1m_s38210573_3109a688,2026-03-25T11:35:56Z,0.55718,55,65,0.34173,67
user_proto_ml-1m,user_proto_ml-1m_s38210573_8c3e6da1,2026-03-25T11:35:53Z,0.27262,8,18,0.25423,20
item_proto_ml-1m,item_proto_ml-1m_s38210573_37805add,2026-06-06T09:02:56Z,0.56265,31,41,0.53977,43
item_proto_ml-1m,item_proto_ml-1m_s38210573_192e4f39,2026-06-06T07:19:11Z,0.5411,31,41,0.51922,43
item_proto_ml-1m,item_proto_ml-1m_s38210573_64802db5,2026-06-06T07:10:07Z,0.53663,24,34,0.50829,36
item_proto_ml-1m,item_proto_ml-1m_s38210573_ea797471,2026-06-06T06:30:17Z,0.53895,19,29,0.52386,31
item_proto_ml-1m,item_proto_ml-1m_s38210573_b6422d08,2026-06-06T05:52:06Z,0.58054,46,56,0.54027,58
item_proto_ml-1m,item_proto_ml-1m_s38210573_7a5347d4,2026-06-06T05:29:40Z,0.55104,25,35,0.51359,37
item_proto_ml-1m,item_proto_ml-1m_s38210573_471e3a56,2026-06-06T05:18:53Z,0.59264,24,34,0.57408,36
item_proto_ml-1m,item_proto_ml-1m_s38210573_d21a9cf1,2026-06-06T05:15:26Z,0.56447,49,59,0.52751,61
item_proto_ml-1m,item_proto_ml-1m_s38210573_d2d05dfe,2026-06-06T04:47:12Z,0.54392,35,45,0.52088,47
item_proto_ml-1m,item_proto_ml-1m_s38210573_a0b3224a,2026-06-06T04:24:06Z,0.52022,9,19,0.50663,21
item_proto_ml-1m,item_proto_ml-1m_s38210573_874b38d5,2026-06-06T04:22:21Z,0.51624,7,17,0.50514,19
item_proto_ml-1m,item_proto_ml-1m_s38210573_6976b8f9,2026-06-06T03:54:32Z,0.54558,14,24,0.51707,26
item_proto_ml-1m,item_proto_ml-1m_s38210573_8355bf79,2026-06-06T03:36:33Z,0.48392,2,12,0.4763,14
item_proto_ml-1m,item_proto_ml-1m_s38210573_0014735d,2026-06-06T03:26:51Z,0.50099,16,26,0.47978,28
item_proto_ml-1m,item_proto_ml-1m_s38210573_c4ded28f,2026-06-06T03:13:19Z,0.5121,3,13,0.51061,15
item_proto_ml-1m,item_proto_ml-1m_s38210573_0181e014,2026-06-06T02:58:30Z,0.51309,14,24,0.50547,26
item_proto_ml-1m,item_proto_ml-1m_s38210573_104cf9b4,2026-06-06T02:40:06Z,0.50945,13,23,0.5005,25
item_proto_ml-1m,item_proto_ml-1m_s38210573_2467f0d4,2026-06-06T02:04:57Z,0.48144,24,34,0.43752,36
item_proto_ml-1m,item_proto_ml-1m_s38210573_2aea8557,2026-06-06T01:44:37Z,0.59629,64,74,0.56231,76
item_proto_ml-1m,item_proto_ml-1m_s38210573_81f8b5ad,2026-06-06T01:35:20Z,0.44316,14,24,0.43769,26
item_proto_ml-1m,item_proto_ml-1m_s38210573_6d375118,2026-06-06T01:31:35Z,0.44498,33,43,0.43106,45
item_proto_ml-1m,item_proto_ml-1m_s38210573_4c2f2cdb,2026-06-06T01:28:29Z,0.33278,0,10,0.29267,12
item_proto_ml-1m,item_proto_ml-1m_s38210573_bfab2fcc,2026-06-06T01:21:40Z,0.31952,2,12,0.29947,14
item_proto_ml-1m,item_proto_ml-1m_s38210573_1953956c,2026-06-06T00:26:52Z,0.51889,16,26,0.5174,28
item_proto_ml-1m,item_proto_ml-1m_s38210573_600d0211,2026-06-06T00:26:44Z,0.43669,18,28,0.42725,30
item_proto_ml-1m,item_proto_ml-1m_s38210573_1de8825d,2026-06-06T00:26:36Z,0.43984,46,56,0.09794,58
item_proto_ml-1m,item_proto_ml-1m_s38210573_e2dc00f9,2026-04-16T15:42:18Z,0.5174,4,9,0.5174,11
item_proto_ml-1m,item_proto_ml-1m_s38210573_bf595777,2026-04-16T15:42:06Z,0.43189,9,9,0.42725,11
item_proto_ml-1m,item_proto_ml-1m_s38210573_02f17f60,2026-04-16T15:41:55Z,0.10474,8,9,0.09794,11
user_item_proto_ml-1m,user_item_proto_ml-1m_s38210573_f42c5ad8,2026-05-21T18:18:58Z,0.56364,3,13,0.55552,15
user_item_proto_ml-1m,user_item_proto_ml-1m_s38210573_0cfcf26e,2026-05-21T17:58:38Z,0.62463,33,43,0.55867,45
user_item_proto_ml-1m,user_item_proto_ml-1m_s38210573_d4f532a0,2026-05-21T17:47:11Z,0.61203,24,34,0.57259,36
user_item_proto_ml-1m,user_item_proto_ml-1m_s38210573_f0679fe0,2026-05-21T16:11:34Z,0.64584,45,55,0.54011,57
user_item_proto_ml-1m,user_item_proto_ml-1m_s38210573_d4a857cc,2026-05-21T15:07:49Z,0.63689,25,35,0.58137,37
user_item_proto_ml-1m,user_item_proto_ml-1m_s38210573_8ceb9f8d,2026-05-21T14:54:52Z,0.62082,39,49,0.59065,51
user_item_proto_ml-1m,user_item_proto_ml-1m_s38210573_c2a698ad,2026-05-21T14:14:55Z,0.44879,3,13,0.44067,15
user_item_proto_ml-1m,user_item_proto_ml-1m_s38210573_5585d133,2026-05-21T13:53:02Z,0.62231,31,41,0.48227,43
user_item_proto_ml-1m,user_item_proto_ml-1m_s38210573_dde275eb,2026-05-21T13:31:08Z,0.65446,36,46,0.60076,48
user_item_proto_ml-1m,user_item_proto_ml-1m_s38210573_b6feb033,2026-05-21T13:30:53Z,0.45028,17,27,0.44432,29
user_item_proto_ml-1m,user_item_proto_ml-1m_s38210573_366f148f,2026-04-16T15:39:01Z,0.62314,9,9,0.59546,11
user_item_proto_ml-1m,user_item_proto_ml-1m_s38210573_5b5bcb04,2026-04-16T15:38:37Z,0.44581,9,9,0.44432,11
mf_amazon2014,mf_amazon2014_s38210573_40c7704b,2026-03-19T14:37:17Z,0.23209,38,48,0.11957,50
mf_amazon2014,mf_amazon2014_s38210573_c42e9b7c,2026-03-19T14:36:14Z,0.11727,0,10,0.00014,12
mf_amazon2014,mf_amazon2014_s38210573_f66b2af9,2026-03-19T14:35:37Z,0.18374,16,26,0.12345,28
mf_amazon2014,mf_amazon2014_s38210573_3b85e952,2026-03-19T14:35:09Z,0.16878,1,11,0.11094,13
mf_amazon2014,mf_amazon2014_s38210573_1bf3800b,2026-03-19T14:29:45Z,0.11698,0,10,0,12
mf_amazon2014,mf_amazon2014_s38210573_91eba919,2026-03-19T14:28:46Z,0.19353,2,12,0.14086,14
mf_amazon2014,mf_amazon2014_s38210573_b445eb62,2026-03-19T14:26:56Z,0.21137,2,12,0.18849,14
mf_amazon2014,mf_amazon2014_s38210573_be1901bb,2026-03-19T14:24:14Z,0.09986,0,10,0,12
mf_amazon2014,mf_amazon2014_s38210573_72e52d40,2026-03-19T14:22:43Z,0.11108,2,12,0.09597,14
mf_amazon2014,mf_amazon2014_s38210573_db0e2ded,2026-03-19T14:19:46Z,0.10201,-1,9,0.08532,11
mf_amazon2014,mf_amazon2014_s38210573_d092608c,2026-03-19T14:14:45Z,0.10705,6,16,0.09986,18
mf_amazon2014,mf_amazon2014_s38210573_df3e2732,2026-03-19T14:13:47Z,0.11353,6,16,0.10504,18
mf_amazon2014,mf_amazon2014_s38210573_97e63593,2026-03-19T14:12:30Z,0.22475,2,12,0.1895,14
mf_amazon2014,mf_amazon2014_s38210573_b1429fd2,2026-03-19T14:10:58Z,0.24446,18,28,0.10417,30
mf_amazon2014,mf_amazon2014_s38210573_47a30cf5,2026-03-19T14:08:18Z,0.25065,37,47,0.1118,49
mf_amazon2014,mf_amazon2014_s38210573_c3efedcd,2026-03-19T14:05:24Z,0.25612,4,14,0.25612,16
mf_amazon2014,mf_amazon2014_s38210573_d2cfdbda,2026-03-19T13:59:53Z,0.10187,6,16,0.09914,18
mf_amazon2014,mf_amazon2014_s38210573_cbf07e46,2026-03-19T13:59:10Z,0.11165,1,11,0.10561,13
mf_amazon2014,mf_amazon2014_s38210573_ccf05121,2026-03-19T13:57:22Z,0.19813,99,99,0.10245,101
mf_amazon2014,mf_amazon2014_s38210573_7d675a76,2026-03-19T13:56:43Z,0.11122,0,10,0,12
mf_amazon2014,mf_amazon2014_s38210573_9e658af6,2026-03-19T13:54:13Z,0.10719,3,13,0.10691,15
mf_amazon2014,mf_amazon2014_s38210573_0dc5711e,2026-03-19T13:53:27Z,0.19885,2,12,0.1718,14
mf_amazon2014,mf_amazon2014_s38210573_ea7a7c66,2026-03-19T13:47:57Z,0.22115,24,34,0.11468,36
mf_amazon2014,mf_amazon2014_s38210573_98263c66,2026-03-19T13:47:20Z,0.1154,16,26,0.10878,28
mf_amazon2014,mf_amazon2014_s38210573_d8ea8dfc,2026-03-19T13:46:59Z,0.11885,52,62,0.09986,64
mf_amazon2014,mf_amazon2014_s38210573_4ada8aba,2026-03-19T13:46:47Z,0.16072,34,44,0.11353,46
mf_amazon2014,mf_amazon2014_s38210573_7636dcc1,2026-03-19T13:42:43Z,0.10144,1,11,0.09827,13
mf_amazon2014,mf_amazon2014_s38210573_28c8bed8,2026-03-19T13:40:44Z,0.21367,40,50,0.11237,52
mf_amazon2014,mf_amazon2014_s38210573_4e466826,2026-03-19T13:39:58Z,0.10302,11,21,0.10245,23
mf_amazon2014,mf_amazon2014_s38210573_1f087bb0,2026-03-19T13:39:15Z,0.17957,27,37,0.11899,39
mf_amazon2014,mf_amazon2014_s38210573_9f002b02,2026-03-19T13:38:39Z,0.1036,2,12,0.10331,14
mf_amazon2014,mf_amazon2014_s38210573_8a436389,2026-03-19T13:38:05Z,0.10791,3,13,0.10532,15
mf_amazon2014,mf_amazon2014_s38210573_0ee8eda2,2026-03-19T13:37:14Z,0.10058,5,15,0.1,17
mf_amazon2014,mf_amazon2014_s38210573_fd52cbcb,2026-03-19T13:36:58Z,0.10906,22,32,0.10187,34
mf_amazon2014,mf_amazon2014_s38210573_a84dae85,2026-03-19T13:36:04Z,0.10993,10,20,0.10719,22
mf_amazon2014,mf_amazon2014_s38210573_a158a776,2026-03-19T13:35:34Z,0.22259,58,68,0.1095,70
mf_amazon2014,mf_amazon2014_s38210573_ce47e52c,2026-03-19T13:34:58Z,0.14317,0,10,0.12892,12
mf_amazon2014,mf_amazon2014_s38210573_edbc5992,2026-03-19T13:34:37Z,0.10892,34,44,0.10129,46
mf_amazon2014,mf_amazon2014_s38210573_8121dc2c,2026-03-19T13:33:59Z,0.15871,1,11,0.06475,13
mf_amazon2014,mf_amazon2014_s38210573_8b6b506d,2026-03-19T13:31:01Z,0.11151,0,10,0,12
mf_amazon2014,mf_amazon2014_s38210573_077e1788,2026-03-19T13:30:23Z,0.09698,-1,9,0.05698,11
mf_amazon2014,mf_amazon2014_s38210573_1f468029,2026-03-19T13:29:59Z,0.09856,2,12,0.09583,14
mf_amazon2014,mf_amazon2014_s38210573_3bd172ba,2026-03-19T13:29:45Z,0.11065,5,15,0.10561,17
mf_amazon2014,mf_amazon2014_s38210573_8d51dc7e,2026-03-19T13:29:37Z,0.10029,-1,9,0,11
mf_amazon2014,mf_amazon2014_s38210573_f5ea454c,2026-03-19T13:29:25Z,0.10518,11,21,0.10072,23
mf_amazon2014,mf_amazon2014_s38210573_ea48240f,2026-03-19T13:29:15Z,0.11252,9,19,0.10935,21
mf_amazon2014,mf_amazon2014_s38210573_da64e580,2026-03-19T13:27:47Z,0.10216,-1,9,0.10129,11
mf_amazon2014,mf_amazon2014_s38210573_ac984c5d,2026-03-19T13:26:29Z,0.10662,6,16,0.10158,18
mf_amazon2014,mf_amazon2014_s38210573_27000a9c,2026-03-19T13:26:12Z,0.10561,4,14,0.10561,16
mf_amazon2014,mf_amazon2014_s38210573_c048e9a6,2026-03-19T13:26:00Z,0.09137,-1,9,0.07309,11
mf_amazon2014,mf_amazon2014_s38210573_af31ba59,2026-03-19T13:22:59Z,0.09885,0,10,0.09468,12
mf_amazon2014,mf_amazon2014_s38210573_632e3a07,2026-03-19T13:20:34Z,0.13151,8,18,0.11784,20
mf_amazon2014,mf_amazon2014_s38210573_3d55d88e,2026-03-19T13:19:10Z,0.09827,7,17,0.09511,19
mf_amazon2014,mf_amazon2014_s38210573_89bb81d4,2026-03-19T13:18:12Z,0.13827,0,10,0.11079,12
mf_amazon2014,mf_amazon2014_s38210573_3b167da7,2026-03-19T13:17:42Z,0.11007,18,28,0.10245,30
mf_amazon2014,mf_amazon2014_s38210573_c169592d,2026-03-19T13:17:34Z,0.16273,1,11,0.1095,13
mf_amazon2014,mf_amazon2014_s38210573_cc5468e9,2026-03-19T13:12:03Z,0.10302,-1,9,0.08676,11
mf_amazon2014,mf_amazon2014_s38210573_4e6486e4,2026-03-19T13:10:37Z,0.19971,8,18,0.11871,20
mf_amazon2014,mf_amazon2014_s38210573_23d933d4,2026-03-19T13:10:23Z,0.17683,3,13,0.17194,15
mf_amazon2014,mf_amazon2014_s38210573_323deda2,2026-03-19T13:10:07Z,0.11597,3,13,0.07727,15
mf_amazon2014,mf_amazon2014_s38210573_cabb1a09,2026-03-19T13:09:12Z,0.10504,10,20,0.0977,22
mf_amazon2014,mf_amazon2014_s38210573_8e6c731a,2026-03-19T13:07:43Z,0.11309,0,10,0,12
mf_amazon2014,mf_amazon2014_s38210573_d11c2ba9,2026-03-19T13:07:03Z,0.11353,15,25,0.1059,27
mf_amazon2014,mf_amazon2014_s38210573_20cb1beb,2026-03-19T13:06:30Z,0.09727,-1,9,0.00878,11
mf_amazon2014,mf_amazon2014_s38210573_9be36913,2026-03-19T13:06:06Z,0.1095,9,19,0.07079,21
mf_amazon2014,mf_amazon2014_s38210573_a7645159,2026-03-19T13:05:49Z,0.11108,23,33,0.09986,35
mf_amazon2014,mf_amazon2014_s38210573_761cfa45,2026-03-19T13:04:15Z,0.11007,32,42,0.10014,44
mf_amazon2014,mf_amazon2014_s38210573_361bc226,2026-03-19T13:02:40Z,0.09525,9,19,0.09194,21
mf_amazon2014,mf_amazon2014_s38210573_dba7f203,2026-03-19T12:59:41Z,0.11223,35,45,0.09914,47
mf_amazon2014,mf_amazon2014_s38210573_469e4be8,2026-03-19T12:58:34Z,0.10245,0,10,0.10043,12
mf_amazon2014,mf_amazon2014_s38210573_ae8ae2b3,2026-03-19T12:58:16Z,0.10144,12,22,0.0964,24
mf_amazon2014,mf_amazon2014_s38210573_40e2ed00,2026-03-19T12:57:41Z,0.09914,12,22,0.09741,24
mf_amazon2014,mf_amazon2014_s38210573_dc20be20,2026-03-19T12:57:22Z,0.10849,8,18,0.10777,20
mf_amazon2014,mf_amazon2014_s38210573_973caccc,2026-03-19T12:56:50Z,0.10835,15,25,0.10489,27
mf_amazon2014,mf_amazon2014_s38210573_29709bc0,2026-03-19T12:56:03Z,0.11094,12,22,0.10719,24
mf_amazon2014,mf_amazon2014_s38210573_6a80d5a2,2026-03-19T12:55:17Z,0.11439,34,44,0.10532,46
mf_amazon2014,mf_amazon2014_s38210573_0e257d00,2026-03-19T12:52:45Z,0.10777,8,18,0.10504,20
mf_amazon2014,mf_amazon2014_s38210573_86f0478f,2026-03-19T12:52:38Z,0.09971,1,11,0,13
mf_amazon2014,mf_amazon2014_s38210573_fba115df,2026-03-19T12:51:09Z,0.10705,0,10,0,12
mf_amazon2014,mf_amazon2014_s38210573_bb1d013b,2026-03-19T12:49:39Z,0.11468,24,34,0.08259,36
mf_amazon2014,mf_amazon2014_s38210573_edb015d3,2026-03-19T12:48:55Z,0.09856,4,14,0.09856,16
mf_amazon2014,mf_amazon2014_s38210573_eccc3056,2026-03-19T12:47:22Z,0.10978,0,10,0,12
mf_amazon2014,mf_amazon2014_s38210573_5a1a24d9,2026-03-19T12:47:15Z,0.09942,7,17,0.09827,19
mf_amazon2014,mf_amazon2014_s38210573_1180e03f,2026-03-19T12:47:07Z,0.11755,35,45,0.10201,47
mf_amazon2014,mf_amazon2014_s38210573_c927b3fd,2026-03-19T12:41:43Z,0.10317,3,13,0.09094,15
mf_amazon2014,mf_amazon2014_s38210573_743a2063,2026-03-19T12:41:37Z,0.14475,24,34,0.09784,36
mf_amazon2014,mf_amazon2014_s38210573_773bc35a,2026-03-19T12:41:31Z,0.11065,16,26,0,28
mf_amazon2014,mf_amazon2014_s38210573_a89dd33e,2026-03-19T12:41:26Z,0.11122,3,13,0.09151,15
mf_amazon2014,mf_amazon2014_s38210573_8e04a151,2026-03-19T12:41:21Z,0.09453,-1,9,0.06532,11
mf_amazon2014,mf_amazon2014_s38210573_7844fa30,2026-03-19T12:41:18Z,0.10288,10,20,0.10173,22
mf_amazon2014,mf_amazon2014_s38210573_5c998b3d,2026-03-19T12:41:17Z,0.09928,4,14,0.09928,16
mf_amazon2014,mf_amazon2014_s38210573_5cae4f01,2026-03-19T12:41:09Z,0.10619,4,14,0.10619,16
mf_amazon2014,mf_amazon2014_s38210573_5261f5a5,2026-03-19T12:41:05Z,0.10101,3,13,0.09741,15
mf_amazon2014,mf_amazon2014_s38210573_df548593,2026-03-19T12:41:01Z,0.10863,17,27,0.09784,29
mf_amazon2014,mf_amazon2014_s38210573_1826896d,2026-03-19T12:40:58Z,0.10331,6,16,0.10129,18
mf_amazon2014,mf_amazon2014_s38210573_3970ad72,2026-03-19T12:40:55Z,0.1718,3,13,0.1682,15
mf_amazon2014,mf_amazon2014_s38210573_109430e3,2026-03-19T12:40:52Z,0.09899,0,10,0,12
mf_amazon2014,mf_amazon2014_s38210573_d55a8ad7,2026-03-19T12:40:49Z,0.11036,52,62,0.09957,64
mf_amazon2014,mf_amazon2014_s38210573_bda69fb0,2026-03-19T12:40:45Z,0.11165,9,19,0.10691,21
mf_amazon2014,mf_amazon2014_s38210573_e0bbd9b6,2026-03-19T12:40:43Z,0.09482,-1,9,0,11
acf_amazon2014,acf_amazon2014_s38210573_52be26f4,2026-03-19T17:47:59Z,0.11022,14,24,0.10489,26
acf_amazon2014,acf_amazon2014_s38210573_ad92a79d,2026-03-19T17:43:53Z,0.3859,20,30,0.33669,32
acf_amazon2014,acf_amazon2014_s38210573_12216ccc,2026-03-19T17:43:05Z,0.20748,13,23,0.15036,25
acf_amazon2014,acf_amazon2014_s38210573_a1665963,2026-03-19T17:41:34Z,0.45727,21,31,0.36288,33
acf_amazon2014,acf_amazon2014_s38210573_a203e28b,2026-03-19T17:34:00Z,0.10388,3,13,0.09698,15
acf_amazon2014,acf_amazon2014_s38210573_1158b262,2026-03-19T17:28:43Z,0.34029,37,47,0.10691,49
acf_amazon2014,acf_amazon2014_s38210573_65a702de,2026-03-19T17:26:00Z,0.38086,58,68,0.26906,70
acf_amazon2014,acf_amazon2014_s38210573_67fa5506,2026-03-19T17:25:17Z,0.11281,11,21,0.10878,23
acf_amazon2014,acf_amazon2014_s38210573_12aefe5a,2026-03-19T17:22:49Z,0.10446,6,16,0.10273,18
acf_amazon2014,acf_amazon2014_s38210573_1523e95a,2026-03-19T17:18:05Z,0.43122,22,32,0.33338,34
acf_amazon2014,acf_amazon2014_s38210573_7758e6c0,2026-03-19T17:17:11Z,0.42158,44,54,0.34691,56
acf_amazon2014,acf_amazon2014_s38210573_cf2bcc17,2026-03-19T17:16:43Z,0.46878,45,55,0.37295,57
acf_amazon2014,acf_amazon2014_s38210573_6980d373,2026-03-19T17:14:27Z,0.43065,50,60,0.26748,62
acf_amazon2014,acf_amazon2014_s38210573_f17e5159,2026-03-19T17:13:48Z,0.32072,38,48,0.12835,50
acf_amazon2014,acf_amazon2014_s38210573_2ec10257,2026-03-19T17:10:24Z,0.16878,10,20,0.15583,22
acf_amazon2014,acf_amazon2014_s38210573_3023b4e5,2026-03-19T17:05:03Z,0.11036,22,32,0.09583,34
acf_amazon2014,acf_amazon2014_s38210573_e0d9c014,2026-03-19T17:03:55Z,0.10374,5,15,0.10216,17
acf_amazon2014,acf_amazon2014_s38210573_5531e790,2026-03-19T17:01:36Z,0.17424,68,78,0.10676,80
acf_amazon2014,acf_amazon2014_s38210573_da68a428,2026-03-19T17:01:03Z,0.10719,13,23,0.09683,25
acf_amazon2014,acf_amazon2014_s38210573_c94ef7b8,2026-03-19T17:00:28Z,0.17209,35,45,0.09871,47
acf_amazon2014,acf_amazon2014_s38210573_9aa63425,2026-03-19T16:59:41Z,0.10863,13,23,0.10705,25
acf_amazon2014,acf_amazon2014_s38210573_8c2ee060,2026-03-19T16:57:39Z,0.2918,99,99,0.09597,101
acf_amazon2014,acf_amazon2014_s38210573_0b7621e4,2026-03-19T16:56:42Z,0.10633,0,10,0.09583,12
acf_amazon2014,acf_amazon2014_s38210573_3e19ba6a,2026-03-19T16:53:32Z,0.14388,34,44,0.1118,46
acf_amazon2014,acf_amazon2014_s38210573_d32ecf05,2026-03-19T16:52:13Z,0.10173,10,20,0.09986,22
acf_amazon2014,acf_amazon2014_s38210573_05bc3d7a,2026-03-19T16:47:44Z,0.1059,6,16,0.10489,18
acf_amazon2014,acf_amazon2014_s38210573_0f845de8,2026-03-19T16:47:13Z,0.10345,13,23,0.09396,25
acf_amazon2014,acf_amazon2014_s38210573_09c426b9,2026-03-19T16:46:54Z,0.11007,30,40,0.10317,42
acf_amazon2014,acf_amazon2014_s38210573_f4417176,2026-03-19T16:46:35Z,0.10705,7,17,0.10201,19
acf_amazon2014,acf_amazon2014_s38210573_c85d3ae3,2026-03-19T16:46:16Z,0.10417,2,12,0.10201,14
acf_amazon2014,acf_amazon2014_s38210573_c1e90184,2026-03-19T16:42:49Z,0.10302,5,15,0.10072,17
acf_amazon2014,acf_amazon2014_s38210573_b25eed1e,2026-03-19T16:41:25Z,0.1036,4,14,0.1036,16
acf_amazon2014,acf_amazon2014_s38210573_a7a9447b,2026-03-19T16:40:54Z,0.21496,99,99,0.09683,101
acf_amazon2014,acf_amazon2014_s38210573_fc3c2223,2026-03-19T16:39:53Z,0.09986,-1,9,0.09755,11
acf_amazon2014,acf_amazon2014_s38210573_ec0cdd92,2026-03-19T16:39:13Z,0.10748,-1,9,0.09669,11
acf_amazon2014,acf_amazon2014_s38210573_bf8f7b90,2026-03-19T16:38:52Z,0.39986,13,23,0.34863,25
acf_amazon2014,acf_amazon2014_s38210573_d7f2722f,2026-03-19T16:38:37Z,0.40489,16,26,0.32086,28
acf_amazon2014,acf_amazon2014_s38210573_9b6628a3,2026-03-19T16:38:18Z,0.36259,47,57,0.28216,59
acf_amazon2014,acf_amazon2014_s38210573_6a315fcf,2026-03-19T16:36:23Z,0.10475,6,16,0.10245,18
acf_amazon2014,acf_amazon2014_s38210573_e206aba0,2026-03-19T16:34:51Z,0.10748,-1,9,0.10446,11
acf_amazon2014,acf_amazon2014_s38210573_200ba2d5,2026-03-19T16:33:49Z,0.10763,2,12,0.10403,14
acf_amazon2014,acf_amazon2014_s38210573_c37f89d3,2026-03-19T16:32:20Z,0.10317,4,14,0.10317,16
acf_amazon2014,acf_amazon2014_s38210573_a23693ab,2026-03-19T16:31:44Z,0.10245,11,21,0.09755,23
acf_amazon2014,acf_amazon2014_s38210573_f20f943d,2026-03-19T16:29:01Z,0.10144,3,13,0.09971,15
acf_amazon2014,acf_amazon2014_s38210573_549197e0,2026-03-19T16:28:41Z,0.10734,9,19,0.10417,21
acf_amazon2014,acf_amazon2014_s38210573_0940acbf,2026-03-19T16:28:31Z,0.3495,94,99,0.10849,101
acf_amazon2014,acf_amazon2014_s38210573_72a1e6fa,2026-03-19T16:28:22Z,0.10576,-1,9,0.09784,11
acf_amazon2014,acf_amazon2014_s38210573_f11ae1b8,2026-03-19T16:26:20Z,0.10777,22,32,0.09899,34
acf_amazon2014,acf_amazon2014_s38210573_2e401a27,2026-03-19T16:25:55Z,0.10878,13,23,0.10403,25
acf_amazon2014,acf_amazon2014_s38210573_c95dd65b,2026-03-19T16:25:42Z,0.10906,8,18,0.10489,20
acf_amazon2014,acf_amazon2014_s38210573_79167ecd,2026-03-19T16:25:28Z,0.10201,-1,9,0.10014,11
acf_amazon2014,acf_amazon2014_s38210573_360749b1,2026-03-19T16:25:18Z,0.10273,1,11,0.1023,13
acf_amazon2014,acf_amazon2014_s38210573_b16cff49,2026-03-19T16:25:04Z,0.11079,14,24,0.10403,26
acf_amazon2014,acf_amazon2014_s38210573_3d8376a3,2026-03-19T16:23:26Z,0.16129,84,94,0.11094,96
acf_amazon2014,acf_amazon2014_s38210573_ca13dced,2026-03-19T16:22:38Z,0.09957,0,10,0.09698,12
acf_amazon2014,acf_amazon2014_s38210573_4bb83c65,2026-03-19T16:19:25Z,0.10072,0,10,0.09468,12
acf_amazon2014,acf_amazon2014_s38210573_4b62639f,2026-03-19T16:18:29Z,0.10921,8,18,0.1046,20
acf_amazon2014,acf_amazon2014_s38210573_8c556c73,2026-03-19T16:17:58Z,0.22259,99,99,0.09511,101
acf_amazon2014,acf_amazon2014_s38210573_b60f272a,2026-03-19T16:16:45Z,0.10935,0,10,0,12
acf_amazon2014,acf_amazon2014_s38210573_4ac9b3ab,2026-03-19T16:15:27Z,0.10647,8,18,0.10345,20
acf_amazon2014,acf_amazon2014_s38210573_a769c2b7,2026-03-19T16:15:11Z,0.10504,3,13,0.10331,15
acf_amazon2014,acf_amazon2014_s38210573_437980c1,2026-03-19T16:14:29Z,0.10561,5,15,0.10072,17
acf_amazon2014,acf_amazon2014_s38210573_425a4a20,2026-03-19T16:13:38Z,0.10849,15,25,0.10504,27
acf_amazon2014,acf_amazon2014_s38210573_21b8b22e,2026-03-19T16:13:16Z,0.09885,18,28,0.08935,30
acf_amazon2014,acf_amazon2014_s38210573_9bb258b8,2026-03-19T16:12:39Z,0.11022,3,13,0.10504,15
acf_amazon2014,acf_amazon2014_s38210573_4f4477dd,2026-03-19T16:09:33Z,0.03683,0,10,0.03482,12
acf_amazon2014,acf_amazon2014_s38210573_c8009563,2026-03-19T16:09:17Z,0.10662,25,35,0.10317,37
acf_amazon2014,acf_amazon2014_s38210573_c249c309,2026-03-19T16:09:09Z,0.11381,6,16,0.11165,18
acf_amazon2014,acf_amazon2014_s38210573_96c5f5c8,2026-03-19T16:07:57Z,0.10201,12,22,0.09669,24
acf_amazon2014,acf_amazon2014_s38210573_b2cba481,2026-03-19T16:06:46Z,0.10604,12,22,0.09971,24
acf_amazon2014,acf_amazon2014_s38210573_7e948be2,2026-03-19T16:03:48Z,0.10144,12,22,0.09856,24
acf_amazon2014,acf_amazon2014_s38210573_841209ef,2026-03-19T16:03:13Z,0.08921,45,55,0.06489,57
acf_amazon2014,acf_amazon2014_s38210573_46398bd4,2026-03-19T16:02:41Z,0.09842,8,18,0.09482,20
acf_amazon2014,acf_amazon2014_s38210573_511019ac,2026-03-19T16:01:53Z,0.10489,16,26,0.10259,28
acf_amazon2014,acf_amazon2014_s38210573_b759f69e,2026-03-19T16:00:37Z,0.10446,4,14,0.10446,16
acf_amazon2014,acf_amazon2014_s38210573_542127c7,2026-03-19T15:59:25Z,0.10446,3,13,0.0977,15
acf_amazon2014,acf_amazon2014_s38210573_66b71b19,2026-03-19T15:59:06Z,0.0941,-1,9,0.09065,11
acf_amazon2014,acf_amazon2014_s38210573_9d582593,2026-03-19T15:57:34Z,0.10115,0,10,0.09741,12
acf_amazon2014,acf_amazon2014_s38210573_19da1cec,2026-03-19T15:56:49Z,0.10806,14,24,0.10173,26
acf_amazon2014,acf_amazon2014_s38210573_2af0cb64,2026-03-19T15:55:57Z,0.1082,0,10,0.10388,12
acf_amazon2014,acf_amazon2014_s38210573_cff350fb,2026-03-19T15:54:50Z,0.09928,9,19,0.09669,21
acf_amazon2014,acf_amazon2014_s38210573_dd0b17af,2026-03-19T15:54:32Z,0.10863,6,16,0.09712,18
acf_amazon2014,acf_amazon2014_s38210573_b1f55bbf,2026-03-19T15:53:38Z,0.0977,18,28,0.09237,30
acf_amazon2014,acf_amazon2014_s38210573_0cb48c5b,2026-03-19T15:50:57Z,0.10331,27,37,0.09353,39
acf_amazon2014,acf_amazon2014_s38210573_d9df9179,2026-03-19T15:46:44Z,0.1036,12,22,0.10129,24
acf_amazon2014,acf_amazon2014_s38210573_af41c8f1,2026-03-19T15:46:31Z,0.1059,27,37,0.09971,39
acf_amazon2014,acf_amazon2014_s38210573_225f4b34,2026-03-19T15:46:23Z,0.10576,13,23,0.10518,25
acf_amazon2014,acf_amazon2014_s38210573_da312684,2026-03-19T15:46:17Z,0.10547,4,14,0.10547,16
acf_amazon2014,acf_amazon2014_s38210573_77ebb50f,2026-03-19T15:46:12Z,0.10863,9,19,0.09683,21
acf_amazon2014,acf_amazon2014_s38210573_789ea6e7,2026-03-19T15:46:07Z,0.10504,6,16,0.10086,18
acf_amazon2014,acf_amazon2014_s38210573_be255916,2026-03-19T15:46:03Z,0.10115,2,12,0.09885,14
acf_amazon2014,acf_amazon2014_s38210573_bfa85dab,2026-03-19T15:45:59Z,0.10144,-1,9,0.0918,11
acf_amazon2014,acf_amazon2014_s38210573_4358ead9,2026-03-19T15:45:55Z,0.10173,4,14,0.10173,16
acf_amazon2014,acf_amazon2014_s38210573_eeab8555,2026-03-19T15:45:51Z,0.1036,1,11,0.09813,13
acf_amazon2014,acf_amazon2014_s38210573_e8431b8f,2026-03-19T15:45:48Z,0.10504,3,13,0.10072,15
acf_amazon2014,acf_amazon2014_s38210573_397645c9,2026-03-19T15:45:45Z,0.10403,-1,9,0.09842,11
acf_amazon2014,acf_amazon2014_s38210573_5bc6b0c7,2026-03-19T15:45:42Z,0.10806,4,14,0.10806,16
acf_amazon2014,acf_amazon2014_s38210573_ac08c05a,2026-03-19T15:45:38Z,0.11094,20,30,0.10604,32
acf_amazon2014,acf_amazon2014_s38210573_a8e138b0,2026-03-19T15:45:35Z,0.10302,1,11,0.10187,13
acf_amazon2014,acf_amazon2014_s38210573_9f9c4bbd,2026-03-19T15:45:32Z,0.40302,34,44,0.11655,46
user_proto_amazon2014,user_proto_amazon2014_s38210573_670dc8c2,2026-03-19T22:52:16Z,0.09612,0,10,0.09338,12
user_proto_amazon2014,user_proto_amazon2014_s38210573_6f57c148,2026-03-19T22:51:29Z,0.28518,61,71,0.18532,73
user_proto_amazon2014,user_proto_amazon2014_s38210573_85df3d36,2026-03-19T22:50:56Z,0.13928,98,99,0.10892,101
user_proto_amazon2014,user_proto_amazon2014_s38210573_62d787f4,2026-03-19T22:47:47Z,0.15612,2,12,0.1518,14
user_proto_amazon2014,user_proto_amazon2014_s38210573_dfe659d7,2026-03-19T22:45:53Z,0.32518,81,91,0.18374,93
user_proto_amazon2014,user_proto_amazon2014_s38210573_72df0976,2026-03-19T22:43:05Z,0.10201,16,26,0.09568,28
user_proto_amazon2014,user_proto_amazon2014_s38210573_212214c2,2026-03-19T22:41:54Z,0.34791,77,87,0.18777,89
user_proto_amazon2014,user_proto_amazon2014_s38210573_511cd28d,2026-03-19T22:38:08Z,0.31885,44,54,0.17453,56
user_proto_amazon2014,user_proto_amazon2014_s38210573_50c95afa,2026-03-19T22:32:30Z,0.17007,1,11,0.16345,13
user_proto_amazon2014,user_proto_amazon2014_s38210573_a2c6db5b,2026-03-19T22:25:16Z,0.29252,64,74,0.1977,76
user_proto_amazon2014,user_proto_amazon2014_s38210573_afffb98e,2026-03-19T22:23:39Z,0.34662,47,57,0.2259,59
user_proto_amazon2014,user_proto_amazon2014_s38210573_70f9e0ad,2026-03-19T22:22:47Z,0.38662,99,99,0.11856,101
user_proto_amazon2014,user_proto_amazon2014_s38210573_b6b92448,2026-03-19T22:20:10Z,0.23597,27,37,0.20906,39
user_proto_amazon2014,user_proto_amazon2014_s38210573_cb6e53f8,2026-03-19T22:18:01Z,0.14993,94,99,0.11266,101
user_proto_amazon2014,user_proto_amazon2014_s38210573_9c63e68a,2026-03-19T22:13:55Z,0.13942,5,15,0.12921,17
user_proto_amazon2014,user_proto_amazon2014_s38210573_c259a0ee,2026-03-19T22:13:10Z,0.38561,84,94,0.16158,96
user_proto_amazon2014,user_proto_amazon2014_s38210573_feebf1ff,2026-03-19T22:11:50Z,0.24288,99,99,0.11036,101
user_proto_amazon2014,user_proto_amazon2014_s38210573_03c0431d,2026-03-19T22:11:06Z,0.16489,41,51,0.14101,53
user_proto_amazon2014,user_proto_amazon2014_s38210573_75f3c98c,2026-03-19T22:10:01Z,0.29194,93,99,0.17957,101
user_proto_amazon2014,user_proto_amazon2014_s38210573_c7f14d9a,2026-03-19T22:03:30Z,0.17741,5,15,0.17237,17
user_proto_amazon2014,user_proto_amazon2014_s38210573_35c270aa,2026-03-19T22:02:45Z,0.34705,47,57,0.23755,59
user_proto_amazon2014,user_proto_amazon2014_s38210573_2aaa4ca0,2026-03-19T22:02:13Z,0.09669,3,13,0.09439,15
user_proto_amazon2014,user_proto_amazon2014_s38210573_6751dab5,2026-03-19T22:01:47Z,0.18,34,44,0.16288,46
user_proto_amazon2014,user_proto_amazon2014_s38210573_98c1c420,2026-03-19T22:01:23Z,0.16129,3,13,0.14317,15
user_proto_amazon2014,user_proto_amazon2014_s38210573_9efd19f6,2026-03-19T21:58:05Z,0.27583,96,99,0.18633,101
user_proto_amazon2014,user_proto_amazon2014_s38210573_d37aec04,2026-03-19T21:55:08Z,0.16029,98,99,0.11022,101
user_proto_amazon2014,user_proto_amazon2014_s38210573_4d1f0534,2026-03-19T21:54:29Z,0.20964,19,29,0.17885,31
user_proto_amazon2014,user_proto_amazon2014_s38210573_e1bad00b,2026-03-19T21:52:11Z,0.29324,77,87,0.18676,89
user_proto_amazon2014,user_proto_amazon2014_s38210573_8494dbd9,2026-03-19T21:50:59Z,0.19108,23,33,0.18777,35
user_proto_amazon2014,user_proto_amazon2014_s38210573_4a02167f,2026-03-19T21:50:28Z,0.34201,70,80,0.17223,82
user_proto_amazon2014,user_proto_amazon2014_s38210573_7bdbd5d9,2026-03-19T21:42:20Z,0.18964,52,62,0.1554,64
user_proto_amazon2014,user_proto_amazon2014_s38210573_de85f9fe,2026-03-19T21:41:53Z,0.35899,49,59,0.21381,61
user_proto_amazon2014,user_proto_amazon2014_s38210573_e1071298,2026-03-19T21:40:10Z,0.36302,68,78,0.1718,80
user_proto_amazon2014,user_proto_amazon2014_s38210573_69a4552a,2026-03-19T21:38:52Z,0.29252,36,46,0.19266,48
user_proto_amazon2014,user_proto_amazon2014_s38210573_e0a83436,2026-03-19T21:24:45Z,0.28935,84,94,0.19784,96
user_proto_amazon2014,user_proto_amazon2014_s38210573_a388ef25,2026-03-19T21:23:52Z,0.11871,22,32,0.11309,34
user_proto_amazon2014,user_proto_amazon2014_s38210573_ed59130d,2026-03-19T21:19:29Z,0.15309,32,42,0.10115,44
user_proto_amazon2014,user_proto_amazon2014_s38210573_de830e11,2026-03-19T21:19:08Z,0.32302,99,99,0.19295,101
user_proto_amazon2014,user_proto_amazon2014_s38210573_4c63c4a5,2026-03-19T21:16:00Z,0.19424,35,45,0.14921,47
user_proto_amazon2014,user_proto_amazon2014_s38210573_a1b8f008,2026-03-19T21:15:41Z,0.15957,5,15,0.14489,17
user_proto_amazon2014,user_proto_amazon2014_s38210573_6c3e4fc2,2026-03-19T21:15:07Z,0.21022,46,56,0.16,58
user_proto_amazon2014,user_proto_amazon2014_s38210573_a764d5dd,2026-03-19T21:14:46Z,0.12633,33,43,0.10619,45
user_proto_amazon2014,user_proto_amazon2014_s38210573_2607547e,2026-03-19T21:12:41Z,0.27496,69,79,0.17151,81
user_proto_amazon2014,user_proto_amazon2014_s38210573_d1a26a0a,2026-03-19T21:08:17Z,0.14144,0,10,0.13799,12
user_proto_amazon2014,user_proto_amazon2014_s38210573_2ab83748,2026-03-19T21:08:00Z,0.1623,94,99,0.11137,101
user_proto_amazon2014,user_proto_amazon2014_s38210573_23b91bc8,2026-03-19T21:06:45Z,0.12273,34,44,0.10273,46
user_proto_amazon2014,user_proto_amazon2014_s38210573_f8114665,2026-03-19T21:03:59Z,0.2777,59,69,0.22374,71
user_proto_amazon2014,user_proto_amazon2014_s38210573_4edaa2f3,2026-03-19T20:59:26Z,0.30935,99,99,0.1754,101
user_proto_amazon2014,user_proto_amazon2014_s38210573_a5d68745,2026-03-19T20:58:43Z,0.10288,3,13,0.10173,15
user_proto_amazon2014,user_proto_amazon2014_s38210573_cf6e9c0b,2026-03-19T20:56:36Z,0.20835,90,99,0.14374,101
user_proto_amazon2014,user_proto_amazon2014_s38210573_6df2b0ab,2026-03-19T20:53:51Z,0.20763,92,99,0.15194,101
user_proto_amazon2014,user_proto_amazon2014_s38210573_55cb24d1,2026-03-19T20:49:59Z,0.26993,81,91,0.18878,93
user_proto_amazon2014,user_proto_amazon2014_s38210573_40b6ad3e,2026-03-19T20:49:12Z,0.29022,51,61,0.18115,63
user_proto_amazon2014,user_proto_amazon2014_s38210573_1f09d3ea,2026-03-19T20:46:05Z,0.34129,73,83,0.2177,85
user_proto_amazon2014,user_proto_amazon2014_s38210573_2fd4b355,2026-03-19T20:41:07Z,0.2105,60,70,0.14129,72
user_proto_amazon2014,user_proto_amazon2014_s38210573_2afcb7c1,2026-03-19T20:39:36Z,0.22345,23,33,0.19151,35
user_proto_amazon2014,user_proto_amazon2014_s38210573_3dbb6795,2026-03-19T20:37:35Z,0.23525,40,50,0.18115,52
user_proto_amazon2014,user_proto_amazon2014_s38210573_917f5f9b,2026-03-19T20:29:50Z,0.27971,59,69,0.19583,71
user_proto_amazon2014,user_proto_amazon2014_s38210573_4818baf6,2026-03-19T20:28:23Z,0.29468,99,99,0.18417,101
user_proto_amazon2014,user_proto_amazon2014_s38210573_e184f705,2026-03-19T20:28:04Z,0.20288,98,99,0.12144,101
user_proto_amazon2014,user_proto_amazon2014_s38210573_9ea2f3a5,2026-03-19T20:27:16Z,0.2082,18,28,0.18748,30
user_proto_amazon2014,user_proto_amazon2014_s38210573_6d83d554,2026-03-19T20:22:40Z,0.25252,21,31,0.1764,33
user_proto_amazon2014,user_proto_amazon2014_s38210573_b5014c40,2026-03-19T20:22:26Z,0.23281,26,36,0.19367,38
user_proto_amazon2014,user_proto_amazon2014_s38210573_4b2080f8,2026-03-19T20:18:11Z,0.28748,68,78,0.21784,80
user_proto_amazon2014,user_proto_amazon2014_s38210573_b50520f0,2026-03-19T20:17:20Z,0.19324,31,41,0.13151,43
user_proto_amazon2014,user_proto_amazon2014_s38210573_ba4e0ae3,2026-03-19T20:14:34Z,0.09554,2,12,0.09266,14
user_proto_amazon2014,user_proto_amazon2014_s38210573_6d7a01d6,2026-03-19T20:09:47Z,0.26259,47,57,0.15468,59
user_proto_amazon2014,user_proto_amazon2014_s38210573_ff55bba9,2026-03-19T20:03:13Z,0.26964,51,61,0.12388,63
user_proto_amazon2014,user_proto_amazon2014_s38210573_b028e6bc,2026-03-19T20:02:59Z,0.2036,5,15,0.18144,17
user_proto_amazon2014,user_proto_amazon2014_s38210573_cae1b469,2026-03-19T20:01:34Z,0.2095,78,88,0.15094,90
user_proto_amazon2014,user_proto_amazon2014_s38210573_b303d0d2,2026-03-19T19:59:31Z,0.18432,73,83,0.15453,85
user_proto_amazon2014,user_proto_amazon2014_s38210573_2263f259,2026-03-19T19:58:34Z,0.1564,97,99,0.11986,101
user_proto_amazon2014,user_proto_amazon2014_s38210573_7dca2285,2026-03-19T19:57:58Z,0.15324,40,50,0.12878,52
user_proto_amazon2014,user_proto_amazon2014_s38210573_e9a84de9,2026-03-19T19:57:17Z,0.2036,15,25,0.1859,27
user_proto_amazon2014,user_proto_amazon2014_s38210573_a081379a,2026-03-19T19:57:02Z,0.21165,31,41,0.18633,43
user_proto_amazon2014,user_proto_amazon2014_s38210573_fb6186e8,2026-03-19T19:55:46Z,0.14705,82,92,0.10317,94
user_proto_amazon2014,user_proto_amazon2014_s38210573_6a00acd6,2026-03-19T19:53:03Z,0.2354,46,56,0.18101,58
user_proto_amazon2014,user_proto_amazon2014_s38210573_8f749cce,2026-03-19T19:52:18Z,0.15022,6,16,0.13468,18
user_proto_amazon2014,user_proto_amazon2014_s38210573_d74d1190,2026-03-19T19:52:07Z,0.14748,2,12,0.13295,14
user_proto_amazon2014,user_proto_amazon2014_s38210573_78579a80,2026-03-19T19:49:00Z,0.09525,4,14,0.09525,16
user_proto_amazon2014,user_proto_amazon2014_s38210573_027d7e9e,2026-03-19T19:48:29Z,0.10547,21,31,0.10216,33
user_proto_amazon2014,user_proto_amazon2014_s38210573_6a66a882,2026-03-19T19:48:06Z,0.16331,10,20,0.15827,22
user_proto_amazon2014,user_proto_amazon2014_s38210573_45616ac7,2026-03-19T19:45:41Z,0.10331,4,14,0.10331,16
user_proto_amazon2014,user_proto_amazon2014_s38210573_dd092fd9,2026-03-19T19:44:02Z,0.21784,97,99,0.11842,101
user_proto_amazon2014,user_proto_amazon2014_s38210573_8584db28,2026-03-19T19:38:18Z,0.20662,9,19,0.16432,21
user_proto_amazon2014,user_proto_amazon2014_s38210573_7121ac27,2026-03-19T19:38:10Z,0.1446,7,17,0.13813,19
user_proto_amazon2014,user_proto_amazon2014_s38210573_c1f59394,2026-03-19T19:38:04Z,0.12532,9,19,0.10978,21
user_proto_amazon2014,user_proto_amazon2014_s38210573_7edd8294,2026-03-19T19:37:59Z,0.18561,3,13,0.16835,15
user_proto_amazon2014,user_proto_amazon2014_s38210573_1e87283e,2026-03-19T19:37:54Z,0.14561,12,22,0.12978,24
user_proto_amazon2014,user_proto_amazon2014_s38210573_9c63fbde,2026-03-19T19:37:50Z,0.10791,-1,9,0.10719,11
user_proto_amazon2014,user_proto_amazon2014_s38210573_d0b809d2,2026-03-19T19:37:46Z,0.18288,70,80,0.11237,82
user_proto_amazon2014,user_proto_amazon2014_s38210573_e1fa3f5a,2026-03-19T19:37:42Z,0.20374,24,34,0.10504,36
user_proto_amazon2014,user_proto_amazon2014_s38210573_c9ea0cf6,2026-03-19T19:37:38Z,0.09496,-1,9,0.09079,11
user_proto_amazon2014,user_proto_amazon2014_s38210573_82356b93,2026-03-19T19:37:34Z,0.20302,37,47,0.09971,49
user_proto_amazon2014,user_proto_amazon2014_s38210573_b6dfce83,2026-03-19T19:37:31Z,0.10388,1,11,0.10317,13
user_proto_amazon2014,user_proto_amazon2014_s38210573_45fe2660,2026-03-19T19:37:27Z,0.32331,43,53,0.23683,55
user_proto_amazon2014,user_proto_amazon2014_s38210573_82a1f957,2026-03-19T19:37:24Z,0.20072,13,23,0.18993,25
user_proto_amazon2014,user_proto_amazon2014_s38210573_3fb0bf59,2026-03-19T19:37:21Z,0.19453,29,39,0.16058,41
user_proto_amazon2014,user_proto_amazon2014_s38210573_1b20629a,2026-03-19T19:37:18Z,0.21338,94,99,0.09597,101
user_proto_amazon2014,user_proto_amazon2014_s38210573_e6d3a45f,2026-03-19T19:37:15Z,0.12072,0,10,0.10547,12
item_proto_amazon2014,item_proto_amazon2014_s38210573_9e8367ac,2026-06-05T23:51:35Z,0.49281,27,37,0.42058,39
item_proto_amazon2014,item_proto_amazon2014_s38210573_293f1544,2026-06-05T23:47:19Z,0.49597,40,50,0.44058,52
item_proto_amazon2014,item_proto_amazon2014_s38210573_ed048918,2026-06-05T23:39:56Z,0.45496,41,51,0.40791,53
item_proto_amazon2014,item_proto_amazon2014_s38210573_7021849d,2026-06-05T23:34:04Z,0.10863,2,12,0.10604,14
item_proto_amazon2014,item_proto_amazon2014_s38210573_10ff745b,2026-06-05T23:31:44Z,0.44144,34,44,0.38604,46
item_proto_amazon2014,item_proto_amazon2014_s38210573_e63e3127,2026-06-05T23:30:19Z,0.11022,3,13,0.10662,15
item_proto_amazon2014,item_proto_amazon2014_s38210573_46628883,2026-06-05T23:29:00Z,0.4436,28,38,0.37741,40
item_proto_amazon2014,item_proto_amazon2014_s38210573_1d3700ec,2026-06-05T22:57:31Z,0.4836,60,70,0.34144,72
item_proto_amazon2014,item_proto_amazon2014_s38210573_08573fbd,2026-06-05T22:39:56Z,0.43511,20,30,0.38676,32
item_proto_amazon2014,item_proto_amazon2014_s38210573_81b1e7fe,2026-06-05T22:38:48Z,0.44158,62,72,0.35669,74
item_proto_amazon2014,item_proto_amazon2014_s38210573_7850615c,2026-06-05T22:36:59Z,0.3659,26,36,0.31209,38
item_proto_amazon2014,item_proto_amazon2014_s38210573_d6d3e48b,2026-06-05T22:35:10Z,0.10777,2,12,0.10201,14
item_proto_amazon2014,item_proto_amazon2014_s38210573_4a9f8fd2,2026-06-05T22:17:15Z,0.37856,24,34,0.34777,36
item_proto_amazon2014,item_proto_amazon2014_s38210573_259bdeec,2026-06-05T22:16:59Z,0.09986,5,15,0.09957,17
item_proto_amazon2014,item_proto_amazon2014_s38210573_c8cbb3ab,2026-04-16T15:30:28Z,0.36633,9,9,0.34777,11
item_proto_amazon2014,item_proto_amazon2014_s38210573_00e1adc9,2026-04-16T15:30:05Z,0.09986,5,9,0.09957,11
item_proto_amazon2014,item_proto_amazon2014_s38210573_303a87e1,2026-04-16T15:29:54Z,0.10691,9,9,0.10619,11
user_item_proto_amazon2014,user_item_proto_amazon2014_s38210573_d1915201,2026-03-31T13:33:52Z,0.40345,14,14,0.3164,16
user_item_proto_amazon2014,user_item_proto_amazon2014_s38210573_ff9bf0a5,2026-03-31T13:33:39Z,0.14576,2,2,,4
user_item_proto_amazon2014,user_item_proto_amazon2014_s38210573_dd560a5d,2026-03-31T13:17:56Z,0.36906,14,14,0.20302,16
user_item_proto_amazon2014,user_item_proto_amazon2014_s38210573_24382808,2026-03-31T13:13:00Z,0.27511,13,14,0.22777,16
user_item_proto_amazon2014,user_item_proto_amazon2014_s38210573_d8807641,2026-03-31T13:12:47Z,0.10331,2,2,,4
user_item_proto_amazon2014,user_item_proto_amazon2014_s38210573_07b8ac3e,2026-03-31T13:08:51Z,0.10849,2,2,,4
user_item_proto_amazon2014,user_item_proto_amazon2014_s38210573_5c97bbf6,2026-03-31T13:08:42Z,0.09741,1,2,,4
user_item_proto_amazon2014,user_item_proto_amazon2014_s38210573_4d3674cd,2026-03-31T13:06:41Z,0.1623,2,2,,4
user_item_proto_amazon2014,user_item_proto_amazon2014_s38210573_6e12e200,2026-03-31T13:06:11Z,0.13957,2,2,,4
user_item_proto_amazon2014,user_item_proto_amazon2014_s38210573_31e6c7de,2026-03-31T13:04:29Z,0.48331,13,23,0.25482,25
user_item_proto_amazon2014,user_item_proto_amazon2014_s38210573_6c9d07b6,2026-03-31T13:01:35Z,0.10576,2,2,,4
user_item_proto_amazon2014,user_item_proto_amazon2014_s38210573_7a5b9308,2026-03-31T13:00:44Z,0.10043,0,2,,4
user_item_proto_amazon2014,user_item_proto_amazon2014_s38210573_faed83e6,2026-03-31T12:59:44Z,0.40532,14,14,0.33381,16
user_item_proto_amazon2014,user_item_proto_amazon2014_s38210573_e456ae51,2026-03-31T12:59:38Z,0.18432,2,2,,4
user_item_proto_amazon2014,user_item_proto_amazon2014_s38210573_8d43e906,2026-03-31T12:58:30Z,0.09957,2,2,,4
user_item_proto_amazon2014,user_item_proto_amazon2014_s38210573_c51816f3,2026-03-31T12:57:36Z,0.48014,23,33,0.39223,35
user_item_proto_amazon2014,user_item_proto_amazon2014_s38210573_bd6ab5d9,2026-03-31T12:57:20Z,0.10288,0,2,,4
user_item_proto_amazon2014,user_item_proto_amazon2014_s38210573_f814f501,2026-03-31T12:55:32Z,0.10072,2,2,,4
user_item_proto_amazon2014,user_item_proto_amazon2014_s38210573_2cea07eb,2026-03-31T12:54:49Z,0.33353,14,14,0.24532,16
user_item_proto_amazon2014,user_item_proto_amazon2014_s38210573_cfa3e223,2026-03-31T12:52:31Z,0.11496,2,2,,4
user_item_proto_amazon2014,user_item_proto_amazon2014_s38210573_1fed4262,2026-03-31T12:52:26Z,0.18547,2,2,,4
user_item_proto_amazon2014,user_item_proto_amazon2014_s38210573_0f05b847,2026-03-31T12:49:34Z,0.13309,1,2,,4
user_item_proto_amazon2014,user_item_proto_amazon2014_s38210573_2d068e7e,2026-03-31T12:47:06Z,0.12288,2,2,,4
user_item_proto_amazon2014,user_item_proto_amazon2014_s38210573_031b9f71,2026-03-31T12:46:34Z,0.42504,14,14,0.32547,16
user_item_proto_amazon2014,user_item_proto_amazon2014_s38210573_ccf175a0,2026-03-31T12:43:04Z,0.09827,0,2,,4
user_item_proto_amazon2014,user_item_proto_amazon2014_s38210573_e364ba12,2026-03-31T12:42:34Z,0.42,13,14,0.3236,16
user_item_proto_amazon2014,user_item_proto_amazon2014_s38210573_883798d0,2026-03-31T12:41:06Z,0.18302,2,2,,4
user_item_proto_amazon2014,user_item_proto_amazon2014_s38210573_9c634630,2026-03-31T12:40:40Z,0.49712,54,64,0.27813,66
user_item_proto_amazon2014,user_item_proto_amazon2014_s38210573_56d79c32,2026-03-31T12:39:14Z,0.10245,2,2,,4
user_item_proto_amazon2014,user_item_proto_amazon2014_s38210573_89019fd1,2026-03-31T12:38:06Z,0.10705,2,2,,4
user_item_proto_amazon2014,user_item_proto_amazon2014_s38210573_5483c222,2026-03-31T12:36:44Z,0.41396,14,14,0.3105,16
user_item_proto_amazon2014,user_item_proto_amazon2014_s38210573_7eefb7a7,2026-03-31T12:35:51Z,0.45482,10,20,0.29367,22
user_item_proto_amazon2014,user_item_proto_amazon2014_s38210573_5f860d92,2026-03-31T12:35:20Z,0.50331,50,60,0.38964,62
user_item_proto_amazon2014,user_item_proto_amazon2014_s38210573_7d5ab2ce,2026-03-31T12:35:04Z,0.45338,22,32,0.20547,34
user_item_proto_amazon2014,user_item_proto_amazon2014_s38210573_710807bf,2026-03-31T12:34:33Z,0.17295,2,2,,4
user_item_proto_amazon2014,user_item_proto_amazon2014_s38210573_29ddabb0,2026-03-31T12:34:02Z,0.09741,2,2,,4
user_item_proto_amazon2014,user_item_proto_amazon2014_s38210573_401996c4,2026-03-31T12:31:38Z,0.14058,1,2,,4
user_item_proto_amazon2014,user_item_proto_amazon2014_s38210573_517d6fc3,2026-03-31T12:31:34Z,0.09842,2,2,,4
user_item_proto_amazon2014,user_item_proto_amazon2014_s38210573_a6f5bf68,2026-03-31T12:30:59Z,0.08849,2,2,,4
user_item_proto_amazon2014,user_item_proto_amazon2014_s38210573_8f5807dc,2026-03-31T12:30:55Z,0.11295,2,2,,4
user_item_proto_amazon2014,user_item_proto_amazon2014_s38210573_c7629d4f,2026-03-31T12:28:35Z,0.39367,14,14,0.32331,16
user_item_proto_amazon2014,user_item_proto_amazon2014_s38210573_cf70b1b3,2026-03-31T12:28:17Z,0.49108,54,64,0.38058,66
user_item_proto_amazon2014,user_item_proto_amazon2014_s38210573_3a7afbab,2026-03-31T12:27:34Z,0.10691,1,2,,4
user_item_proto_amazon2014,user_item_proto_amazon2014_s38210573_b24aa006,2026-03-31T12:16:45Z,0.1105,1,2,,4
user_item_proto_amazon2014,user_item_proto_amazon2014_s38210573_5f888d17,2026-03-31T12:10:02Z,0.27338,11,14,0.20791,16
user_item_proto_amazon2014,user_item_proto_amazon2014_s38210573_c21a9e5c,2026-03-31T12:09:24Z,0.34978,14,14,0.29396,16
user_item_proto_amazon2014,user_item_proto_amazon2014_s38210573_cbdddd09,2026-03-31T12:06:53Z,0.11108,2,2,,4
user_item_proto_amazon2014,user_item_proto_amazon2014_s38210573_af8031fd,2026-03-31T12:04:41Z,0.09827,0,2,,4
user_item_proto_amazon2014,user_item_proto_amazon2014_s38210573_10eff86e,2026-03-31T12:03:00Z,0.10288,2,2,,4
user_item_proto_amazon2014,user_item_proto_amazon2014_s38210573_ae566ede,2026-03-31T12:00:31Z,0.11683,2,2,,4
user_item_proto_amazon2014,user_item_proto_amazon2014_s38210573_1ca40e2a,2026-03-31T11:59:25Z,0.09122,2,2,,4
user_item_proto_amazon2014,user_item_proto_amazon2014_s38210573_0b61d1c5,2026-03-31T11:56:51Z,0.46676,39,49,0.33036,51
user_item_proto_amazon2014,user_item_proto_amazon2014_s38210573_47a799ad,2026-03-31T11:55:30Z,0.1,2,2,,4
user_item_proto_amazon2014,user_item_proto_amazon2014_s38210573_930e4b6e,2026-03-31T11:54:06Z,0.10374,2,2,,4
user_item_proto_amazon2014,user_item_proto_amazon2014_s38210573_a61df651,2026-03-31T11:52:46Z,0.12691,2,2,,4
user_item_proto_amazon2014,user_item_proto_amazon2014_s38210573_4966f713,2026-03-31T11:50:32Z,0.48144,50,60,0.21381,62
user_item_proto_amazon2014,user_item_proto_amazon2014_s38210573_4067b8cc,2026-03-31T11:49:16Z,0.11583,2,2,,4
user_item_proto_amazon2014,user_item_proto_amazon2014_s38210573_5b6c2313,2026-03-31T11:48:52Z,0.10302,0,2,,4
user_item_proto_amazon2014,user_item_proto_amazon2014_s38210573_9472d686,2026-03-31T11:47:12Z,0.48043,14,24,0.47266,26
user_item_proto_amazon2014,user_item_proto_amazon2014_s38210573_413fd588,2026-03-31T11:46:43Z,0.09194,2,2,,4
user_item_proto_amazon2014,user_item_proto_amazon2014_s38210573_016d603a,2026-03-31T11:46:20Z,0.10777,2,2,,4
user_item_proto_amazon2014,user_item_proto_amazon2014_s38210573_b589166a,2026-03-31T11:45:40Z,0.23928,13,14,0.20791,16
user_item_proto_amazon2014,user_item_proto_amazon2014_s38210573_9ad4c065,2026-03-31T11:43:42Z,0.16403,2,2,,4
user_item_proto_amazon2014,user_item_proto_amazon2014_s38210573_add4979f,2026-03-31T11:43:38Z,0.14115,2,2,,4
user_item_proto_amazon2014,user_item_proto_amazon2014_s38210573_2bae6bb2,2026-03-31T11:41:47Z,0.43885,44,54,0.27252,56
user_item_proto_amazon2014,user_item_proto_amazon2014_s38210573_d3bbb943,2026-03-31T11:39:20Z,0.47266,37,47,0.20345,49
user_item_proto_amazon2014,user_item_proto_amazon2014_s38210573_720f6892,2026-03-31T11:38:03Z,0.36647,60,70,0.22,72
user_item_proto_amazon2014,user_item_proto_amazon2014_s38210573_8f0299e9,2026-03-31T11:36:24Z,0.20662,10,14,0.18086,16
user_item_proto_amazon2014,user_item_proto_amazon2014_s38210573_06f2a95a,2026-03-31T11:35:39Z,0.11856,2,2,,4
user_item_proto_amazon2014,user_item_proto_amazon2014_s38210573_f143e08c,2026-03-31T11:33:42Z,0.11381,2,2,,4
user_item_proto_amazon2014,user_item_proto_amazon2014_s38210573_cf67425a,2026-03-31T11:15:41Z,0.49396,30,40,0.3823,42
user_item_proto_amazon2014,user_item_proto_amazon2014_s38210573_d32c2c46,2026-03-31T11:15:34Z,0.20619,54,64,0.10216,66
